week,app_downloads,weekly_transactions,revenue_total,repeat_transactions,intercity_shipments,parcel_deliveries,avg_transaction_value,tv_spend,tv_grp,meta_spend,meta_impressions,youtube_spend,youtube_views,google_search_spend,google_clicks,affiliate_spend,affiliate_clicks,influencer_spend,influencer_reach,app_install_campaign_spend,app_install_clicks,push_notifications_sent,email_sent,sms_sent,website_visits,blog_articles_published,social_posts,price_discount_index,competitor_spend_index,fuel_price_index,rainfall_index,holiday_flag,covid_wave_dummy,city_expansion_count,new_app_version_flag,region,customer_type,order_count,profit_margin,repeat_purchase_flag,campaign_id,campaign_channel,leads_generated,conversions,conversion_rate,campaign_cost,roi,customer_acquisition_cost,delivery_status,actual_delivery_time_hrs,estimated_delivery_time_hrs,delay_reason,courier_partner,competitor_name,market_share_estimate,pricing_index,customer_churn_rate,customer_feedback_score,complaint_id,complaint_type,resolution_time_hrs,customer_satisfaction_score,media_channel,mentions_count,sentiment_score,engagement_rate,incident_id,incident_type,impact_duration_hrs,shipment_affected_count,delivery_mode,package_weight_class,service_channel,account_type,customer_tier
2022-01-02,8860,26910,7783004.15,19548,2953,19860,299.69,19.73,47.45,13.53,1460208,10.68,1102120,15.74,108295,9.51,70988,0.7,10764,2.46,12354,331461,173903,111753,276348,4,12,19.17,84.99,97.05,80.55,1,0,0,0,West,B2B,3985,14.01,1,1073,Print,2408,953,0.396,95703.76,1.984256522418764,100.42,Delayed,41.8,43.199999999999996,Weather,Partner_A,Competitor_X,39.58,118.15,0.069,3.86,20785,Delay,2.5,3.16,Social Media,534,0.9,0.16,30056,Regulatory,13.0,226,Standard,Light,Call Center,Government,Bronze
2022-01-09,13390,32685,8624259.45,17435,4539,15989,217.38,23.69,44.25,6.19,1213867,6.55,1298043,16.31,139513,8.65,56430,1.05,23074,2.89,16718,299303,170821,134774,179698,2,18,14.15,80.85,114.9,39.79,0,0,2,1,North,B2C,2420,15.51,0,1078,Affiliate,1652,1395,0.844,57974.98,4.230620174426967,41.56,On-Time,19.4,22.799999999999997,,Partner_A,Competitor_Y,27.05,105.68,0.057,4.75,20128,Delay,35.1,3.86,News,937,-0.96,0.059,30057,Other,23.5,351,Same-day,Heavy,App,Corporate,Gold
2022-01-16,13226,45446,10863970.74,13188,5324,25106,307.42,23.51,48.99,4.55,550486,7.16,1064936,4.18,53662,7.02,47942,3.01,73289,6.13,57847,313903,209200,61087,345762,2,12,18.87,93.17,118.45,80.6,0,1,1,0,Central,B2C,1865,9.28,0,1093,Affiliate,1447,1454,1.005,66838.99,5.687543902144542,45.97,On-Time,36.1,36.1,,Partner_A,Competitor_Y,23.35,91.93,0.091,3.6,20290,Delay,40.3,3.23,Social Media,235,-0.39,0.145,30034,Other,19.4,185,Express,Light,Website,Government,Bronze
2022-01-23,13191,43322,9729830.82,19310,5301,27844,317.37,14.02,27.1,13.66,2027266,6.89,1052750,10.66,112380,5.16,10877,2.04,86042,4.14,41204,267391,182289,80816,343381,3,7,16.79,61.15,99.14,59.2,0,0,1,0,South,B2C,3153,14.46,0,1016,Referral,1164,919,0.79,58864.64,3.9548086933004263,64.05,On-Time,33.0,29.7,,Partner_C,Competitor_Y,22.66,85.06,0.012,3.19,20831,Other,20.5,4.42,Blogs,295,0.84,0.051,30087,Compliance,13.3,260,Same-day,Oversized,Partner API,Corporate,Silver
2022-01-30,11772,40872,10146512.83,10141,3542,13636,349.09,7.26,14.76,14.47,4302401,8.67,1751267,11.7,59111,4.71,36629,3.78,79948,8.68,28768,344866,216506,73408,145095,4,16,13.85,93.66,97.94,16.59,0,1,2,0,East,B2C,2108,11.83,0,1067,Print,2217,274,0.124,21644.26,3.4192159953724452,78.99,Delayed,58.4,56.8,Traffic,Partner_C,Competitor_X,40.96,113.7,0.053,4.52,20500,Damaged Goods,36.9,4.72,News,232,-0.36,0.018,30096,Regulatory,22.7,15,Same-day,Medium,Partner API,SME,Silver
2022-02-06,11092,20206,6463501.35,19251,7293,20916,286.33,24.7,63.69,13.35,1715463,3.4,672228,4.31,54348,6.86,43629,3.44,63393,2.12,17653,258002,178513,50136,492118,2,16,5.1,89.47,98.4,2.47,0,0,2,0,South,B2C,1213,12.23,1,1070,Print,1648,1493,0.906,43823.91,8.754736398463761,29.35,Delayed,60.2,61.800000000000004,Traffic,Partner_A,Competitor_X,12.08,94.49,0.088,4.21,20185,Delay,9.2,1.74,Blogs,185,-0.5,0.048,30015,Compliance,12.1,272,Standard,Oversized,Website,Corporate,Bronze
2022-02-13,13734,41518,8790135.82,19151,7772,14809,225.52,21.78,42.38,12.71,2539173,2.3,571581,8.16,43681,5.91,22626,4.31,208164,5.03,28178,235531,250946,67413,389341,1,18,16.59,87.41,98.33,36.28,0,1,2,1,Central,B2B,4192,16.37,0,1061,Referral,566,825,1.458,18923.15,8.8320839817895,22.94,On-Time,21.2,16.799999999999997,,Partner_A,Competitor_X,10.51,106.42,0.041,4.14,20478,Delay,16.1,2.75,Social Media,575,0.07,0.044,30007,Other,21.3,159,Pickup,Light,Website,SME,Platinum
2022-02-20,14265,42361,9870490.8,18457,3191,23456,256.76,7.49,17.6,10.86,2428634,5.08,517281,16.16,201310,1.56,10883,3.62,37483,4.7,27011,383887,282003,109500,489763,0,11,15.54,78.06,91.08,54.67,0,0,0,0,North,B2B,4203,9.23,0,1040,Social,2553,261,0.102,66065.86,0.014356885689522546,253.13,On-Time,34.0,29.9,,Partner_B,Competitor_X,41.82,98.83,0.048,3.11,20570,Lost Parcel,46.8,2.57,Social Media,906,0.65,0.074,30092,Compliance,8.6,357,Same-day,Oversized,Call Center,Individual,Silver
2022-02-27,8466,44105,6599850.15,14617,7512,25444,272.62,23.42,51.85,9.61,2311137,9.05,884172,6.19,43483,5.61,20696,2.43,121288,2.15,17801,204986,238746,134514,122010,3,5,14.23,62.31,117.81,83.98,0,0,2,0,South,B2C,3897,9.77,0,1094,Print,1136,1073,0.945,50218.68,4.8249492021693925,46.8,On-Time,34.4,37.3,,Partner_B,Competitor_Z,29.09,87.96,0.007,3.28,20491,Damaged Goods,47.4,2.62,Blogs,890,-0.79,0.09,30086,Compliance,9.1,249,Express,Medium,Partner API,Individual,Bronze
2022-03-06,13334,43419,6224684.49,10479,4993,15997,329.18,22.4,55.9,4.04,856196,4.02,816613,12.56,183134,8.26,59773,3.53,130867,2.99,28192,232298,150516,106358,450067,2,5,16.41,71.18,96.41,12.75,0,0,0,0,Central,B2B,3244,18.87,0,1033,Digital,813,519,0.638,80018.65,1.135057514716882,154.18,On-Time,21.1,25.700000000000003,,Partner_B,Competitor_X,15.24,104.07,0.028,4.25,20512,Damaged Goods,25.1,1.5,Blogs,423,0.89,0.107,30044,Connectivity,10.0,223,Standard,Light,App,Individual,Silver
2022-03-13,12426,37868,11875178.4,14484,4681,12048,314.16,15.38,44.68,7.9,805437,8.73,1556784,7.44,64574,5.13,13725,1.74,75061,5.31,51276,201481,291758,116197,233962,1,11,12.69,89.68,102.6,80.02,0,0,1,0,West,B2C,1018,5.84,1,1069,Referral,1064,301,0.283,29842.34,2.1687247045640525,99.14,On-Time,59.9,57.5,,Partner_C,Competitor_X,19.42,82.43,0.032,3.42,20642,Delay,44.9,4.25,Blogs,279,0.59,0.101,30094,Connectivity,13.1,255,Same-day,Heavy,Call Center,Corporate,Platinum
2022-03-20,13578,44242,8616451.24,17827,3217,22338,271.22,16.83,43.74,7.47,1234733,11.7,1481305,4.19,34648,1.47,9146,1.88,40955,5.94,41816,256408,169212,142789,492670,2,19,15.56,51.59,90.29,86.3,0,0,1,0,East,B2C,1641,12.28,0,1044,Print,2101,1073,0.511,24810.95,10.729460580912864,23.12,Delayed,54.4,51.1,Operational,Partner_B,Competitor_X,47.3,96.53,0.095,4.01,20066,Damaged Goods,25.6,1.14,Forums,615,-0.64,0.061,30039,Connectivity,13.3,179,Same-day,Oversized,Website,Individual,Gold
2022-03-27,14231,35934,6825804.22,15421,3540,27100,397.3,12.98,23.65,6.12,1245679,2.94,274893,7.86,51002,8.08,42373,4.05,42819,5.23,28764,321950,233498,142420,209162,2,19,19.03,89.1,115.74,15.07,0,0,2,0,South,B2C,4083,18.69,1,1057,Social,1325,1153,0.87,46569.9,8.836544635053972,40.39,On-Time,23.4,18.7,,Partner_C,Competitor_Y,44.38,101.86,0.028,4.09,20804,Lost Parcel,14.7,3.11,Forums,737,0.42,0.016,30053,Other,11.9,19,Express,Medium,Partner API,Individual,Bronze
2022-04-03,11444,37247,11973775.9,17949,5236,14544,321.15,6.1,9.44,11.68,1373256,8.73,825525,19.61,157978,2.81,7247,2.51,99182,6.25,53205,347907,230970,82854,483071,4,14,10.64,62.0,111.93,85.16,0,0,0,1,North,B2B,2104,14.16,0,1050,Print,1605,454,0.283,93392.68,0.5611726743466403,205.71,On-Time,34.0,30.1,,Partner_C,Competitor_Y,38.39,97.44,0.046,3.57,20466,Other,13.5,3.65,Forums,274,-0.23,0.125,30013,Compliance,7.3,111,Same-day,Heavy,Website,Individual,Bronze
2022-04-10,11171,39174,11757935.46,12452,7541,14976,247.45,11.7,22.15,8.95,1522622,6.44,1494160,16.82,231552,3.33,11493,4.09,177366,6.76,32157,325355,190009,126240,370170,4,13,15.62,57.22,118.4,99.15,0,0,2,0,West,B2B,1329,13.2,0,1033,Affiliate,1525,769,0.504,73937.96,1.5736313255058696,96.15,On-Time,18.3,17.3,,Partner_C,Competitor_Y,29.29,109.95,0.067,4.9,20284,Other,44.7,1.83,Forums,862,-0.2,0.085,30058,Connectivity,22.3,119,Same-day,Medium,Website,SME,Bronze
2022-04-17,10919,43792,8908054.18,18262,4386,22775,220.36,21.06,50.39,3.97,423363,10.68,1202754,19.35,289540,2.48,5144,4.2,166399,2.08,14452,227798,299570,140063,427069,4,11,12.14,55.79,113.45,72.68,1,0,2,0,Central,B2C,1865,8.75,1,1043,Digital,2751,311,0.113,47703.13,0.4366344514500413,153.39,On-Time,49.7,49.400000000000006,,Partner_C,Competitor_Z,30.81,113.12,0.016,4.68,20600,Damaged Goods,9.1,4.62,News,120,0.57,0.067,30093,Connectivity,14.1,193,Same-day,Light,Website,Government,Bronze
2022-04-24,8130,28755,11178454.4,13881,5719,20015,230.57,5.09,8.03,5.64,652636,3.77,508848,11.81,102547,3.97,19106,4.36,68513,5.71,31462,291649,261015,66322,168842,1,14,15.12,51.36,99.41,78.48,0,0,0,0,East,B2B,1773,10.15,0,1014,Referral,1161,1184,1.02,56554.5,3.827111547268564,47.77,Delayed,19.3,24.0,Weather,Partner_B,Competitor_Z,49.01,110.85,0.049,4.44,20416,Damaged Goods,28.2,4.35,Social Media,204,0.93,0.175,30052,Connectivity,9.8,467,Same-day,Light,Call Center,Corporate,Bronze
2022-05-01,9685,41500,6320949.76,14665,7615,13419,249.19,11.67,26.19,11.2,2009108,8.93,1058487,5.76,54639,7.81,29737,4.62,185433,9.71,73761,264887,297467,56968,395809,2,9,16.44,76.18,97.44,99.44,0,0,2,0,North,B2B,1391,17.78,1,1077,Affiliate,1304,1197,0.918,17579.17,15.967833521150318,14.69,On-Time,71.2,73.7,,Partner_A,Competitor_X,48.63,81.55,0.074,3.16,20099,Delay,27.1,2.88,Blogs,677,-0.75,0.152,30026,Other,15.6,110,Express,Oversized,App,Individual,Bronze
2022-05-08,8769,32383,6952099.47,10849,3388,24430,232.14,12.96,31.04,3.91,494783,10.38,1456826,12.77,156058,5.67,31696,2.44,99446,6.15,28799,219477,144816,77518,371421,0,12,5.68,60.91,110.93,60.55,0,0,1,0,Central,B2C,1636,13.39,1,1069,Social,2951,660,0.224,98611.83,0.5536918846349367,149.41,On-Time,58.8,59.199999999999996,,Partner_A,Competitor_Y,18.61,87.77,0.087,3.21,20188,Damaged Goods,35.8,2.64,Social Media,542,-0.16,0.173,30046,Other,18.4,209,Same-day,Medium,App,SME,Platinum
2022-05-15,10391,42403,9902504.81,19443,3856,17239,237.31,15.75,31.52,13.21,2820442,11.45,1051133,11.27,156224,2.84,10744,1.93,70139,7.42,32211,348338,104138,101925,273311,3,6,14.7,99.47,100.92,30.79,0,0,2,0,Central,B2B,3354,12.72,0,1049,Affiliate,1035,907,0.876,69976.66,2.0758851594231564,77.15,On-Time,35.4,34.1,,Partner_A,Competitor_Z,42.44,101.46,0.063,3.99,20988,Delay,24.5,1.95,Blogs,874,-0.04,0.104,30079,Compliance,23.1,0,Same-day,Medium,Partner API,Government,Gold
2022-05-22,13611,38141,10926628.0,15390,3365,24489,257.02,23.4,62.16,8.94,2126763,8.83,1485560,17.51,191392,8.9,33815,3.12,126811,4.49,42330,327815,191176,109848,410152,4,13,8.4,78.72,106.99,83.75,0,0,0,0,South,B2B,4338,6.49,0,1031,Affiliate,1891,1086,0.574,35686.37,6.821577818085728,32.86,On-Time,46.7,46.1,,Partner_B,Competitor_Y,17.89,117.39,0.067,3.32,20889,Delay,13.8,3.92,Social Media,148,-0.25,0.035,30005,Compliance,12.0,57,Same-day,Medium,Website,Government,Platinum
2022-05-29,14949,34820,10994270.04,14905,2499,26633,234.67,11.93,19.8,8.77,2281229,6.97,637714,5.57,49657,8.92,57615,2.17,95125,8.19,30406,374598,175945,143422,376827,4,10,15.05,56.89,90.19,61.45,0,0,0,0,South,B2C,4518,5.24,1,1066,Social,1735,1315,0.758,62722.76,3.9199214128970086,47.7,On-Time,66.7,64.3,,Partner_A,Competitor_Z,18.54,113.4,0.013,4.96,20857,Delay,9.0,1.53,News,627,-0.27,0.142,30054,Compliance,2.7,92,Standard,Light,App,Government,Platinum
2022-06-05,10433,27574,7831556.89,19922,3680,20357,379.35,11.94,19.26,10.11,1415703,8.18,1767375,11.81,107780,8.84,20233,3.2,110541,8.18,53511,327426,104017,51700,231742,2,17,12.02,84.44,91.86,58.12,0,0,1,0,North,B2C,4512,19.46,0,1002,Affiliate,2420,1275,0.527,19853.41,23.36212469293688,15.57,On-Time,45.2,47.400000000000006,,Partner_B,Competitor_Z,37.04,113.7,0.095,3.32,20387,Damaged Goods,30.2,3.72,Forums,244,-0.9,0.049,30096,Connectivity,10.6,220,Express,Oversized,Website,SME,Gold
2022-06-12,13311,26374,11214390.69,10489,2510,27154,216.05,19.75,51.2,12.9,1722105,10.69,1279924,6.4,76519,3.15,23364,3.68,49842,6.17,28048,342961,110451,143782,320283,2,13,16.6,94.89,106.06,25.36,0,1,0,1,Central,B2B,3942,10.65,0,1085,Referral,2664,719,0.27,96925.3,0.6026770100273098,134.81,On-Time,22.5,21.9,,Partner_B,Competitor_X,26.2,92.13,0.013,3.97,20240,Delay,34.8,4.37,Social Media,439,0.37,0.094,30043,Regulatory,11.5,210,Standard,Medium,Partner API,Individual,Platinum
2022-06-19,13051,43276,10956499.14,17823,6312,14363,304.9,14.04,31.5,7.17,866950,7.71,1324593,9.19,46245,5.06,35994,3.6,106218,9.81,32103,224335,294028,73199,248961,1,6,6.85,87.26,106.98,75.63,0,0,0,0,South,B2C,3699,14.05,0,1085,Print,1127,1011,0.897,25730.65,10.980027710143348,25.45,On-Time,34.7,38.800000000000004,,Partner_B,Competitor_X,47.26,97.18,0.077,3.73,20781,Delay,27.8,1.91,Blogs,861,-0.13,0.022,30017,Other,21.5,427,Standard,Medium,Website,Government,Silver
2022-06-26,14420,21678,11549444.96,19008,3324,20176,282.08,9.49,24.03,11.14,2531966,2.3,528110,15.8,176895,9.86,59227,2.19,28702,3.0,9756,342326,193863,94589,275607,1,7,14.39,53.82,112.54,8.17,0,0,1,0,East,B2B,3888,6.2,0,1073,Affiliate,1248,1321,1.058,68322.73,4.4539342909746145,51.72,On-Time,62.6,63.5,,Partner_A,Competitor_Z,13.56,98.83,0.026,4.28,20730,Delay,35.7,4.47,Social Media,954,-0.61,0.167,30015,Connectivity,9.5,231,Express,Heavy,App,SME,Platinum
2022-07-03,9184,39626,10497384.56,17207,3155,27461,396.48,14.05,30.24,9.79,2362279,11.31,2156241,11.62,99408,7.95,44196,1.25,32877,2.14,9044,286610,110278,82115,440686,4,16,9.18,94.79,93.96,92.43,0,0,2,0,East,B2C,2025,15.25,1,1050,Referral,604,435,0.72,32090.9,4.374383392176599,73.77,On-Time,50.7,48.2,,Partner_A,Competitor_X,30.46,86.29,0.093,3.26,20416,Delay,7.7,1.13,News,453,0.63,0.034,30011,Connectivity,22.9,261,Standard,Medium,Website,SME,Bronze
2022-07-10,12555,41020,9682917.78,17540,3827,18427,222.41,7.82,14.62,6.2,659166,8.9,1518365,10.01,129549,1.24,9118,2.44,64133,8.16,73989,211442,143764,111934,416463,2,12,17.79,89.7,105.4,32.58,0,0,1,0,Central,B2C,3567,18.99,0,1066,Print,545,1126,2.066,74580.52,2.3578964051202647,66.23,Failed,51.0,49.1,,Partner_A,Competitor_Z,46.74,81.24,0.072,3.86,20917,Delay,42.5,4.65,News,174,0.61,0.182,30019,Compliance,11.6,363,Standard,Oversized,App,Corporate,Silver
2022-07-17,11385,21059,9064806.35,12611,5141,18580,279.57,8.53,23.28,13.54,3889262,8.77,1185149,10.31,61137,1.59,4948,1.14,14410,8.46,42108,246289,223030,104316,345144,0,5,18.93,57.92,95.83,12.78,0,0,2,0,South,B2C,4833,13.63,0,1075,Print,1854,756,0.408,79913.92,1.6447822857394556,105.71,On-Time,64.0,59.1,,Partner_C,Competitor_Z,46.16,117.88,0.075,3.55,20175,Damaged Goods,28.4,1.47,Social Media,901,-0.03,0.174,30044,Compliance,23.4,102,Standard,Heavy,Partner API,SME,Silver
2022-07-24,12117,43052,7605979.37,19279,5486,14858,393.89,14.97,40.41,12.57,1387655,4.16,568298,11.35,123510,5.18,12814,4.51,108027,2.96,28573,253747,232206,55520,454211,3,19,19.95,52.59,92.8,44.24,0,0,1,0,North,B2C,2674,6.89,1,1092,Affiliate,1739,848,0.488,70607.78,3.7306220362685236,83.26,On-Time,65.6,67.8,,Partner_B,Competitor_Y,16.26,89.63,0.022,4.78,20386,Damaged Goods,7.0,3.58,Forums,893,-0.4,0.098,30063,Connectivity,0.2,49,Express,Heavy,Website,Government,Gold
2022-07-31,14396,49855,11580934.1,10839,3810,20040,373.1,13.38,34.01,10.9,2270026,8.59,1664851,16.56,162449,9.18,31552,2.06,29746,4.12,29133,237327,162943,86455,252711,2,14,16.94,77.87,102.31,4.25,0,0,2,0,North,B2B,3683,13.73,0,1047,Referral,1481,433,0.292,65304.95,1.4738140064420848,150.82,On-Time,67.2,67.2,,Partner_C,Competitor_X,24.67,89.6,0.044,3.08,20470,Delay,22.7,2.0,Blogs,677,0.28,0.151,30058,Other,21.6,373,Same-day,Heavy,App,Government,Platinum
2022-08-07,12843,36198,11815646.86,16527,4923,29198,363.41,23.3,44.46,13.21,3194337,5.94,1479081,18.27,208702,5.85,39589,1.2,50795,2.14,12960,347271,195667,136465,295784,2,19,16.31,57.8,94.9,68.46,0,0,1,0,North,B2C,4380,16.5,0,1016,Affiliate,1459,1255,0.86,90322.22,4.049472322535917,71.97,On-Time,17.7,19.4,,Partner_B,Competitor_X,34.76,83.34,0.062,4.83,20852,Damaged Goods,40.7,4.35,News,736,-0.42,0.128,30092,Other,22.3,109,Pickup,Light,Partner API,SME,Platinum
2022-08-14,10904,29914,6987446.82,13878,7301,29758,251.58,12.25,29.22,13.41,3676939,8.51,1638282,19.29,108960,5.48,12099,0.61,29223,4.35,30713,272827,154318,91605,352217,1,19,8.23,91.73,96.65,90.27,0,0,2,0,East,B2C,1739,11.1,1,1006,Social,2015,778,0.386,17076.4,10.46197324963107,21.95,Delayed,44.6,45.2,Operational,Partner_A,Competitor_X,16.38,117.14,0.077,4.67,20232,Damaged Goods,43.2,3.05,News,418,-0.53,0.163,30093,Connectivity,23.1,455,Pickup,Heavy,Website,Government,Silver
2022-08-21,8474,47890,7137547.02,17087,4214,25254,234.18,16.61,33.91,11.5,2792399,3.07,536707,16.59,179169,1.95,10718,3.41,43963,8.19,54192,306464,203423,64955,431119,3,19,10.04,67.92,99.53,83.73,0,0,1,0,South,B2C,2545,18.2,0,1012,Print,2336,741,0.317,39782.33,3.361920983512026,53.69,On-Time,56.4,52.8,,Partner_B,Competitor_Y,48.72,103.19,0.01,3.6,20662,Delay,13.4,1.54,Social Media,186,0.46,0.092,30089,Regulatory,0.3,87,Express,Medium,Partner API,SME,Platinum
2022-08-28,9082,39541,8399296.28,14303,6186,21470,333.73,17.65,28.9,13.04,3394906,8.58,1752126,9.05,96064,6.91,55090,3.37,162449,6.14,51032,331184,203998,94049,263244,4,11,11.99,95.64,97.78,12.74,1,0,2,0,South,B2B,1468,14.73,1,1065,Affiliate,2996,313,0.104,32345.87,2.229391882178467,103.34,On-Time,57.4,55.6,,Partner_B,Competitor_Y,46.59,106.68,0.096,4.58,20451,Damaged Goods,34.4,3.28,News,652,-0.92,0.159,30021,Regulatory,4.1,19,Pickup,Light,App,Government,Platinum
2022-09-04,10558,42299,8138969.0,19738,2713,11252,385.88,5.26,15.13,11.37,1908909,11.99,1907428,15.01,159205,8.4,59927,2.03,62733,4.78,23792,287051,160128,63917,201158,2,11,16.6,78.28,92.63,12.63,0,0,1,0,East,B2B,3259,18.49,1,1003,Print,1981,403,0.203,98921.26,0.5720547837744888,245.46,On-Time,48.4,44.6,,Partner_C,Competitor_Y,16.68,116.46,0.089,3.06,20276,Other,5.7,2.63,News,797,-0.81,0.098,30096,Other,15.7,13,Express,Light,Website,Corporate,Gold
2022-09-11,10047,30817,11961202.24,8851,7977,16996,311.35,18.27,31.15,11.16,2934689,2.48,223756,11.0,121383,4.42,22668,0.82,18025,4.97,27192,350653,121869,120293,373721,4,17,18.72,59.13,92.7,81.34,1,0,0,0,North,B2C,2135,14.35,0,1009,Referral,2059,1252,0.608,45045.08,7.653779724666934,35.98,On-Time,22.0,25.0,,Partner_B,Competitor_X,14.85,93.82,0.027,4.93,20228,Delay,2.6,3.65,Blogs,965,-0.99,0.189,30046,Compliance,0.6,132,Express,Light,Website,Individual,Silver
2022-09-18,10747,30921,6231476.77,9687,5602,22173,314.32,8.56,25.04,10.42,1208959,11.77,2066699,8.07,94940,7.98,19007,2.34,30594,2.01,18609,259722,105039,128581,439443,2,5,7.84,56.98,95.8,92.43,0,0,2,0,North,B2C,2031,6.97,0,1087,Digital,2007,842,0.42,75935.14,2.485309173065329,90.18,Delayed,59.8,56.099999999999994,Weather,Partner_A,Competitor_X,13.42,104.86,0.082,4.05,20170,Delay,27.3,4.53,Forums,991,-0.69,0.102,30028,Regulatory,1.5,424,Pickup,Light,Website,Corporate,Bronze
2022-09-25,8975,29789,5126527.55,18123,6134,14673,256.0,24.22,52.53,12.03,3355928,6.07,1473773,17.45,227720,9.68,67646,1.9,57047,4.4,42350,292036,252353,114925,382320,4,13,18.84,78.82,91.52,46.07,0,1,1,0,Central,B2C,3851,9.65,0,1016,Affiliate,2563,673,0.263,71625.26,1.4054083712924743,106.43,On-Time,55.2,59.6,,Partner_B,Competitor_X,46.38,81.55,0.052,3.61,20734,Other,33.7,2.64,Blogs,946,-0.86,0.098,30085,Regulatory,5.3,295,Standard,Light,Partner API,Corporate,Silver
2022-10-02,9806,36312,8457256.01,14833,5522,25781,353.9,7.97,14.17,4.9,1026640,10.71,1175974,4.61,35488,2.83,15830,3.55,148321,7.17,66307,347595,212935,120269,163972,3,12,15.43,88.09,108.79,49.9,0,0,2,0,West,B2C,3524,8.03,0,1051,Affiliate,2500,896,0.358,29087.31,9.901468716082716,32.46,On-Time,17.2,13.299999999999999,,Partner_B,Competitor_Y,17.74,87.47,0.046,3.73,20212,Lost Parcel,38.4,2.16,Forums,877,0.99,0.159,30044,Compliance,12.3,33,Same-day,Light,Partner API,Individual,Gold
2022-10-09,8189,31252,6251758.96,19938,6268,23051,237.41,13.29,30.74,13.57,3575146,9.82,1937494,18.43,244206,5.71,15357,3.23,123655,9.79,58114,266960,110442,80954,482162,1,8,14.16,89.08,98.62,31.83,0,0,2,0,South,B2C,1873,18.63,1,1005,Print,2790,452,0.162,31509.79,2.4055866446586918,69.71,On-Time,39.8,41.5,,Partner_B,Competitor_Y,26.65,113.25,0.031,3.13,20281,Delay,17.0,1.06,Blogs,882,-0.42,0.166,30076,Regulatory,13.1,379,Pickup,Light,App,Government,Gold
2022-10-16,10734,22693,7565281.49,10427,6748,16881,264.74,6.71,18.85,13.46,2563640,7.67,875597,11.38,113601,3.58,9176,2.14,25699,8.78,74301,219552,173788,146671,382140,3,14,8.0,63.79,98.39,89.43,0,0,1,1,South,B2C,1459,16.41,1,1082,Referral,2473,1104,0.446,35315.61,7.276027513045932,31.99,On-Time,22.4,24.299999999999997,,Partner_C,Competitor_Z,27.95,110.67,0.058,4.98,20040,Lost Parcel,1.3,3.3,Social Media,141,-0.7,0.115,30008,Connectivity,0.8,207,Pickup,Heavy,Call Center,Individual,Gold
2022-10-23,11005,49467,10209193.66,17760,6849,16949,285.09,24.94,64.8,3.35,766197,9.38,1604830,14.2,81942,8.14,60706,1.48,19115,2.19,13872,341880,219729,122617,200922,0,15,5.83,60.21,99.96,64.49,0,0,2,0,South,B2B,3300,15.15,0,1068,Social,1411,585,0.415,47001.46,2.548350412944619,80.34,On-Time,32.2,32.1,,Partner_B,Competitor_Y,33.96,94.03,0.073,3.08,20121,Lost Parcel,23.5,2.61,News,192,-0.52,0.044,30023,Regulatory,4.1,300,Pickup,Oversized,Website,SME,Platinum
2022-10-30,12658,49723,10046579.47,12000,3243,19521,301.52,15.04,40.76,12.91,2650171,10.79,1040533,14.55,81269,6.2,37294,4.95,129268,9.19,59576,354692,127586,91458,448742,1,9,13.53,50.84,109.88,28.83,0,0,1,1,West,B2C,2549,9.51,1,1095,Referral,1794,261,0.145,31089.26,1.5313153159644202,119.12,Delayed,13.1,8.7,Weather,Partner_B,Competitor_Z,12.87,95.07,0.041,4.31,20226,Damaged Goods,1.7,2.5,Forums,796,0.87,0.099,30014,Compliance,12.0,198,Pickup,Medium,Website,Individual,Silver
2022-11-06,9899,33931,7156425.54,13052,5709,18017,248.48,16.91,42.08,4.55,1120746,6.04,945640,18.32,152832,6.71,46807,2.54,55401,8.27,36658,200887,153053,139037,135931,3,6,14.77,83.96,116.12,29.88,0,0,0,0,Central,B2C,1751,7.76,1,1073,Affiliate,2302,714,0.31,11768.63,14.075222859415243,16.48,On-Time,36.0,40.5,,Partner_C,Competitor_X,19.07,101.34,0.063,3.89,20293,Lost Parcel,5.3,1.73,Social Media,826,0.04,0.194,30035,Connectivity,14.3,79,Express,Medium,App,Corporate,Platinum
2022-11-13,9267,23627,8797781.61,10738,3081,16941,222.97,6.34,16.09,7.02,816608,5.27,1099046,14.19,182326,8.18,59500,3.6,69463,8.24,58816,231802,281561,71113,224168,0,17,8.16,53.83,112.77,89.12,0,0,2,0,West,B2C,2461,16.35,1,1008,Social,2253,629,0.279,89145.38,0.5732518050851317,141.73,Delayed,45.0,46.5,Traffic,Partner_C,Competitor_Y,47.26,80.01,0.07,4.9,20599,Delay,16.4,2.72,News,606,-0.27,0.153,30012,Regulatory,3.6,70,Express,Heavy,Website,Individual,Platinum
2022-11-20,14975,45939,8561698.54,19690,7779,20209,322.12,20.0,55.48,11.92,1335879,8.68,1207276,13.82,166901,4.56,24763,1.13,24001,5.66,24354,285024,186346,149977,266782,2,13,13.35,71.04,111.83,1.36,1,0,0,0,North,B2C,2777,12.11,0,1090,Referral,614,779,1.269,96904.88,1.5894617484692206,124.4,On-Time,49.2,45.6,,Partner_C,Competitor_X,46.34,89.65,0.071,3.49,20266,Lost Parcel,21.5,4.94,News,628,0.75,0.164,30090,Other,9.6,154,Same-day,Heavy,Partner API,Government,Silver
2022-11-27,9528,36157,9454328.33,13732,2455,27715,257.73,9.2,17.25,4.93,736643,10.08,1945792,5.07,65332,9.24,47167,2.69,113354,5.18,27562,318639,167087,140226,223099,2,19,17.85,80.08,104.53,32.27,0,0,2,0,North,B2C,4028,8.39,0,1076,Digital,2103,1364,0.649,40741.33,7.628675597973851,29.87,On-Time,51.8,52.8,,Partner_C,Competitor_X,41.25,88.33,0.005,4.06,20540,Lost Parcel,14.1,2.19,News,364,-0.21,0.016,30043,Connectivity,21.7,77,Same-day,Light,Partner API,Corporate,Gold
2022-12-04,11202,30173,6753232.73,13387,6924,19550,316.25,22.96,51.3,12.82,1691072,9.62,2070478,12.29,125022,5.8,26578,0.62,29244,4.42,39714,318248,243697,93939,134693,4,16,17.53,96.86,110.81,55.44,0,1,2,0,South,B2C,1853,14.25,0,1082,Print,1822,942,0.517,40465.62,6.361990252466168,42.96,On-Time,62.2,65.2,,Partner_A,Competitor_X,10.78,90.02,0.086,3.96,20758,Delay,28.3,3.4,Blogs,725,-0.33,0.099,30070,Connectivity,24.0,77,Pickup,Oversized,Website,SME,Bronze
2022-12-11,11556,41834,9129095.93,16002,2894,14637,230.87,9.1,16.67,12.99,3563893,9.98,2371449,6.4,60172,2.42,9442,2.77,72585,2.53,11257,281938,134397,79345,208944,1,16,18.91,65.59,106.58,14.82,0,0,2,0,East,B2B,4732,5.61,1,1020,Referral,2360,874,0.37,10638.26,17.967423244026747,12.17,Delayed,24.9,25.7,Traffic,Partner_A,Competitor_X,23.08,112.24,0.046,4.41,20827,Lost Parcel,3.6,4.11,Social Media,391,-0.59,0.133,30071,Other,23.7,171,Pickup,Light,Website,Government,Bronze
2022-12-18,11890,38047,11852250.01,13536,3384,14854,296.23,8.81,26.27,9.09,1307531,6.36,762495,15.8,102297,7.26,33451,4.84,223823,3.83,13397,322746,158671,96313,324655,2,10,10.49,62.49,96.49,9.21,0,0,1,1,South,B2B,3283,9.89,0,1023,Referral,2944,510,0.173,71222.56,1.121200080423956,139.65,On-Time,19.2,20.3,,Partner_B,Competitor_Y,35.12,91.19,0.026,3.14,20450,Damaged Goods,7.8,4.0,Social Media,563,-0.24,0.168,30077,Other,21.2,288,Pickup,Heavy,Partner API,Corporate,Silver
2022-12-25,8646,46105,8407195.07,11913,3958,29561,306.52,5.73,16.71,3.08,909132,10.18,1505456,12.2,101039,8.14,54076,2.23,50977,3.97,13827,226049,216214,142365,307574,1,7,9.77,82.71,96.26,81.53,0,0,0,0,East,B2B,2329,12.03,0,1003,Digital,2941,670,0.228,84289.59,1.4364622013228443,125.81,On-Time,63.1,58.9,,Partner_A,Competitor_X,21.01,87.66,0.024,3.39,20448,Delay,33.7,2.32,News,903,-0.37,0.019,30075,Regulatory,9.5,32,Same-day,Light,Website,SME,Silver
2023-01-01,14164,30230,11342691.51,9066,5072,20320,210.36,14.44,22.51,6.44,1077921,3.2,338914,14.88,138982,3.85,21604,0.68,19759,5.87,56266,277789,166897,119166,379518,2,16,16.24,80.96,98.89,89.44,1,0,2,0,West,B2B,1477,7.22,0,1023,Affiliate,1598,1008,0.631,23194.75,8.141848047510752,23.01,On-Time,21.4,18.799999999999997,,Partner_B,Competitor_Z,46.38,100.17,0.048,3.43,20755,Lost Parcel,7.7,3.44,Forums,659,0.35,0.172,30035,Regulatory,16.5,299,Pickup,Medium,Partner API,Government,Gold
2023-01-08,10888,35707,8040760.56,15723,3996,28564,267.32,16.3,41.7,10.4,1418805,7.44,1850493,4.67,27487,8.71,64063,0.64,12186,7.98,52256,284526,257221,97861,347572,4,11,11.47,66.61,117.32,82.36,0,0,1,0,North,B2B,3726,19.77,0,1058,Print,1477,371,0.251,24369.97,3.069587283037279,65.69,On-Time,70.5,70.4,,Partner_A,Competitor_Y,35.36,114.63,0.089,4.48,20060,Delay,31.1,4.49,Social Media,918,-0.42,0.114,30060,Compliance,10.0,275,Standard,Medium,Call Center,SME,Silver
2023-01-15,14310,41976,7450548.85,12380,6285,14892,226.88,6.31,18.22,14.77,3809769,2.06,489435,5.36,38624,9.16,42688,2.25,80142,5.79,33963,338918,291102,147406,443615,3,13,6.31,96.41,106.42,89.88,0,0,2,0,East,B2B,4091,8.14,0,1098,Referral,2005,775,0.387,81107.49,1.1678885636825895,104.65,On-Time,62.6,57.7,,Partner_C,Competitor_X,12.88,89.65,0.038,3.38,20501,Delay,3.6,1.06,Blogs,196,0.15,0.047,30080,Compliance,15.6,366,Same-day,Light,Call Center,Individual,Silver
2023-01-22,13393,31494,9515723.53,18636,2504,17043,212.67,20.51,36.32,10.58,2451825,5.25,901911,15.46,169785,3.49,19692,1.22,59974,2.46,21343,246220,236355,99298,145913,4,7,9.24,92.24,112.02,55.31,0,0,1,0,West,B2C,3263,6.96,1,1002,Social,1626,230,0.141,65466.17,-0.2528339446159749,284.64,Delayed,42.1,42.4,Operational,Partner_C,Competitor_Y,46.36,83.14,0.075,4.15,20146,Delay,20.1,2.74,Forums,986,-0.87,0.07,30039,Connectivity,7.4,419,Standard,Oversized,Website,Individual,Gold
2023-01-29,10435,46813,9682468.42,12107,3214,26521,397.99,14.07,33.09,6.12,1221791,5.66,1263004,5.15,63636,9.85,57010,0.61,20825,9.66,85498,246163,238682,97221,485827,0,6,11.28,61.2,100.4,81.23,1,0,2,0,North,B2C,3902,8.05,0,1067,Referral,796,246,0.309,14037.45,5.974595813342168,57.06,Failed,70.9,75.30000000000001,,Partner_A,Competitor_Z,48.31,94.26,0.01,3.43,20685,Delay,9.3,1.9,Forums,194,-0.62,0.064,30092,Other,14.5,6,Pickup,Light,Website,SME,Gold
2023-02-05,8600,43776,11049172.96,13726,3531,29856,264.47,15.49,44.51,10.61,2239481,5.96,1004634,5.14,77015,2.27,12598,3.9,94818,9.54,50803,334837,274398,94942,297097,2,11,9.39,61.96,102.23,38.4,0,0,0,1,East,B2C,1134,16.54,0,1039,Print,2725,329,0.121,66029.23,0.3177592711591519,200.7,On-Time,17.8,20.2,,Partner_A,Competitor_X,13.11,109.91,0.048,4.72,20944,Damaged Goods,6.2,2.55,Forums,425,-0.19,0.111,30026,Other,12.6,159,Express,Light,Website,Individual,Platinum
2023-02-12,10363,21306,6611296.88,11373,5440,29216,361.97,13.82,21.43,9.48,2311606,8.95,1664785,4.19,60047,2.82,17528,2.56,91936,8.28,65042,317126,114924,53453,406660,0,11,9.98,75.62,93.77,66.63,0,0,0,0,South,B2C,3952,11.38,0,1047,Referral,2862,551,0.193,37802.6,4.275972287620428,68.61,Delayed,30.2,30.8,Traffic,Partner_B,Competitor_Z,31.29,102.03,0.099,4.88,20789,Delay,27.7,2.66,Forums,173,0.87,0.02,30000,Compliance,0.6,239,Standard,Oversized,Partner API,SME,Silver
2023-02-19,10061,48605,8494353.66,18738,2823,29963,250.93,13.02,33.15,12.36,1800740,5.89,560440,19.3,220515,2.66,9109,1.8,26850,9.93,83390,281486,213143,104935,187796,0,8,9.41,88.68,95.14,98.88,1,0,2,0,South,B2C,2152,13.48,0,1053,Digital,1562,1177,0.754,43185.26,5.8390142840404335,36.69,On-Time,50.3,53.699999999999996,,Partner_B,Competitor_X,22.13,112.67,0.077,4.04,20333,Damaged Goods,44.6,3.99,Social Media,435,-0.25,0.04,30033,Connectivity,19.0,450,Same-day,Oversized,Call Center,Government,Bronze
2023-02-26,8241,26776,9004029.39,16945,2928,14164,336.3,16.19,31.51,4.28,1280861,6.49,1352489,15.8,145557,9.05,45921,4.55,207235,6.36,48225,376342,210253,93370,388213,1,15,5.62,52.2,114.82,22.57,0,0,1,0,South,B2C,1409,5.32,0,1034,Referral,758,257,0.339,79275.83,0.09023267242991974,308.47,On-Time,33.0,28.5,,Partner_B,Competitor_Z,25.71,118.38,0.021,3.7,20880,Delay,3.6,1.38,News,167,0.33,0.164,30067,Connectivity,0.3,422,Standard,Oversized,Call Center,Corporate,Silver
2023-03-05,10041,47251,10379878.1,10082,7029,17941,352.05,8.1,23.38,12.13,3577848,4.38,445495,9.65,109641,6.89,18088,1.02,30725,9.7,39393,275277,200297,58328,480477,2,13,14.56,84.67,107.55,38.99,1,0,2,0,West,B2B,2445,5.52,0,1094,Referral,2554,1329,0.52,82984.17,4.638116884220207,62.44,On-Time,67.7,65.0,,Partner_C,Competitor_X,17.19,111.71,0.05,3.47,20952,Other,20.8,3.05,Forums,857,-0.49,0.035,30087,Compliance,7.0,476,Same-day,Medium,App,SME,Bronze
2023-03-12,10824,49644,5305226.4,18966,7236,24388,319.13,8.64,25.54,9.5,2185618,5.73,1263072,8.74,112365,2.37,10207,4.8,134275,2.6,23741,304245,100869,65534,184811,0,18,13.96,82.41,100.13,48.0,0,0,1,0,South,B2C,2317,11.69,0,1055,Social,2596,1011,0.389,46032.1,6.009031306414437,45.53,On-Time,15.9,18.2,,Partner_C,Competitor_Y,33.12,104.15,0.023,3.1,20890,Lost Parcel,34.3,3.26,Blogs,176,-0.75,0.054,30020,Compliance,0.1,23,Pickup,Light,App,Corporate,Bronze
2023-03-19,10612,42248,11961853.58,19088,2133,15569,294.32,22.24,64.86,14.56,2037067,4.27,909274,9.6,59360,4.96,24432,1.91,63860,4.93,33394,322332,197088,135280,290121,3,12,14.8,61.57,114.09,13.8,0,0,2,0,Central,B2B,2269,17.25,0,1088,Digital,2708,967,0.357,95243.76,1.9882003818412881,98.49,Failed,45.0,44.1,,Partner_C,Competitor_X,48.32,99.73,0.041,3.54,20141,Damaged Goods,22.7,2.98,Blogs,307,-0.88,0.096,30032,Compliance,9.0,213,Standard,Heavy,Website,Corporate,Bronze
2023-03-26,9363,29474,8289611.6,16967,4105,14300,282.37,23.92,52.89,7.1,1675924,2.73,547328,16.39,149133,6.54,38673,4.5,157461,3.8,18913,222931,101014,134925,332892,0,17,7.88,84.07,97.4,8.1,0,0,1,0,North,B2B,4772,18.28,0,1039,Digital,2392,882,0.369,46581.64,4.3465343856506555,52.81,On-Time,47.5,45.3,,Partner_C,Competitor_Y,30.12,81.6,0.078,4.31,20043,Delay,38.9,3.93,News,983,-0.39,0.108,30006,Regulatory,1.5,69,Express,Oversized,Partner API,SME,Platinum
2023-04-02,14235,27526,6956922.39,14748,5627,16269,269.77,12.47,34.83,10.59,1211916,8.03,691762,14.58,195343,1.75,13480,3.21,41316,3.57,21336,289116,110103,86320,480172,3,17,9.43,97.01,119.28,82.97,0,0,0,0,West,B2C,2579,6.3,0,1076,Referral,675,1385,2.052,79465.24,3.7018224572152545,57.38,On-Time,51.2,46.800000000000004,,Partner_B,Competitor_X,13.32,119.37,0.077,4.07,20143,Delay,9.4,2.54,Social Media,865,-0.68,0.155,30064,Connectivity,21.9,367,Standard,Oversized,Website,Individual,Gold
2023-04-09,13486,45285,11184458.16,17817,6780,13818,385.91,10.41,28.8,14.18,1504930,8.68,1141696,6.96,61514,8.94,50098,4.22,157425,3.13,10213,255633,210317,99170,139178,1,5,14.29,52.34,100.34,97.68,1,0,2,0,South,B2C,1085,13.08,1,1067,Social,1500,1196,0.797,53548.95,7.619185997111056,44.77,On-Time,27.3,23.5,,Partner_C,Competitor_X,34.8,95.34,0.023,4.89,20864,Delay,46.1,4.78,News,320,-0.65,0.095,30002,Connectivity,10.0,215,Express,Light,Call Center,Government,Gold
2023-04-16,9478,41959,10234031.42,19261,3852,22015,366.12,17.88,35.38,4.23,640999,8.19,1021531,6.79,72780,8.23,53178,4.93,97008,6.98,27187,251913,264530,130201,394965,0,5,13.99,65.98,100.12,40.47,0,0,0,1,North,B2C,3603,18.7,1,1045,Referral,2418,485,0.201,90777.91,0.9560727934802642,187.17,On-Time,33.9,33.699999999999996,,Partner_C,Competitor_Z,23.61,86.09,0.092,3.79,20332,Other,19.1,2.93,Forums,361,0.52,0.16,30050,Connectivity,11.0,103,Same-day,Heavy,Website,Corporate,Platinum
2023-04-23,10556,25530,11671502.93,8417,6910,22234,393.01,13.17,36.13,14.25,2743475,6.63,936309,5.57,60588,5.55,27958,1.8,69404,8.25,68960,294776,182409,58640,116999,4,9,12.59,71.91,99.36,8.76,0,0,0,0,East,B2C,2865,10.82,0,1077,Referral,2167,1294,0.597,91698.51,4.545945512091746,70.86,On-Time,62.6,59.9,,Partner_C,Competitor_Z,44.24,106.67,0.059,4.39,20997,Delay,17.1,3.28,Social Media,509,-0.97,0.127,30078,Compliance,8.4,214,Pickup,Light,Website,Government,Gold
2023-04-30,8775,49320,7315252.13,16306,7268,28290,224.86,5.51,8.57,11.25,3078613,5.8,550415,14.56,99659,9.7,56304,4.83,207213,6.63,19890,225991,123248,141057,400856,1,10,10.26,94.96,93.66,6.58,0,0,2,0,South,B2C,4446,17.44,0,1012,Print,775,1085,1.4,17867.51,12.654566304985979,16.47,Failed,23.7,23.099999999999998,,Partner_C,Competitor_Z,27.39,91.37,0.038,3.98,20496,Lost Parcel,42.1,4.3,Social Media,430,0.12,0.031,30094,Compliance,15.1,53,Pickup,Light,Call Center,Corporate,Platinum
2023-05-07,12014,40797,8869354.77,16808,6175,16254,346.17,8.12,19.44,3.81,935102,10.63,2543576,16.23,139940,4.76,11545,2.25,94856,3.18,18812,385917,274588,80049,295623,3,7,18.69,98.11,93.33,89.13,0,0,2,0,North,B2C,2469,7.01,1,1026,Print,1175,596,0.507,94284.4,1.1882445028021604,158.2,Delayed,61.6,61.1,Operational,Partner_A,Competitor_X,17.71,103.43,0.05,4.03,20395,Damaged Goods,27.5,2.1,Forums,443,-0.24,0.04,30053,Compliance,18.8,293,Express,Oversized,Call Center,SME,Silver
2023-05-14,8034,23748,9006047.28,11974,4933,27144,387.67,19.32,35.65,6.61,1642858,7.19,1252112,8.24,68763,9.86,34769,2.23,71583,8.49,56522,304092,260133,55618,271244,1,17,10.1,72.21,109.44,46.38,0,0,1,0,Central,B2C,1377,19.03,0,1005,Social,2323,225,0.097,84298.14,0.034729236018730666,374.66,Delayed,45.8,49.699999999999996,Weather,Partner_B,Competitor_X,17.64,103.47,0.061,3.54,20054,Delay,25.3,1.3,Blogs,870,0.01,0.093,30079,Compliance,15.6,329,Same-day,Oversized,Call Center,Individual,Platinum
2023-05-21,14349,33545,11862321.09,11267,5284,17350,236.25,18.18,30.56,11.5,2128634,6.79,895866,4.34,22836,7.01,29239,2.03,62537,7.09,23981,386384,255242,106053,395866,0,13,11.83,87.5,116.25,32.0,0,0,1,0,East,B2B,4461,16.27,1,1016,Affiliate,1551,512,0.33,81217.96,0.48932575996737654,158.63,On-Time,57.7,61.400000000000006,,Partner_B,Competitor_X,40.75,97.83,0.056,3.91,20306,Damaged Goods,35.2,3.83,Forums,919,0.13,0.085,30073,Other,18.0,335,Pickup,Medium,Call Center,Government,Gold
2023-05-28,11152,49355,5527423.79,8825,6298,25183,213.3,5.54,8.95,3.81,644602,2.26,333320,5.31,27834,6.71,32442,2.94,46202,5.11,50137,341633,108024,51920,372769,2,16,15.17,76.58,113.72,47.65,0,0,0,0,Central,B2C,2680,19.12,1,1035,Print,1856,325,0.175,28082.02,1.4685724175112758,86.41,On-Time,54.8,54.5,,Partner_C,Competitor_Y,20.62,113.44,0.049,3.94,20869,Lost Parcel,28.3,2.93,News,173,-0.37,0.151,30092,Compliance,21.7,202,Same-day,Heavy,App,Corporate,Gold
2023-06-04,9955,20663,7139879.14,15668,4811,16238,348.22,9.44,24.02,9.99,1740335,5.41,844092,19.49,259547,2.49,5661,1.19,48806,7.39,33867,347973,185947,93937,298237,2,14,13.15,76.89,94.23,31.83,0,0,1,0,North,B2C,2074,15.15,0,1098,Affiliate,2603,1421,0.546,82460.73,5.000682021611985,58.03,On-Time,24.5,26.8,,Partner_A,Competitor_Y,40.69,90.6,0.05,4.41,20422,Damaged Goods,8.6,4.59,Forums,736,-0.41,0.12,30058,Regulatory,20.7,287,Express,Heavy,Partner API,SME,Silver
2023-06-11,9585,21998,6336377.22,13745,7348,16090,314.89,9.62,19.33,7.15,2127338,5.8,1056186,8.73,67489,8.94,25390,2.99,62360,4.08,20927,295556,274875,119724,106859,3,18,10.2,63.9,106.37,48.9,0,0,1,0,Central,B2B,1241,10.45,0,1080,Digital,1046,1010,0.966,86511.95,2.6762424150652016,85.66,On-Time,46.1,50.9,,Partner_B,Competitor_X,18.24,97.95,0.018,4.88,20416,Delay,32.7,4.93,Blogs,799,0.47,0.084,30005,Other,16.2,44,Express,Oversized,Partner API,SME,Platinum
2023-06-18,11943,27994,6879324.0,17708,7795,21637,368.37,18.44,47.71,10.45,1128828,5.99,1004316,16.31,166048,4.85,17755,2.94,87811,4.76,24407,262875,250368,62207,210986,3,19,11.53,60.85,93.17,85.96,0,0,2,0,North,B2C,4365,19.07,1,1001,Print,1635,387,0.237,36023.53,2.957390905333264,93.08,On-Time,64.1,61.89999999999999,,Partner_B,Competitor_Z,22.87,101.51,0.081,3.66,20672,Delay,7.3,2.6,Forums,353,0.74,0.042,30028,Other,5.2,316,Standard,Oversized,Call Center,Corporate,Silver
2023-06-25,11073,48021,8396959.12,19338,3250,22647,227.95,5.39,8.61,3.55,970592,7.8,1843113,13.99,111741,2.46,19259,3.93,83987,9.34,43084,356989,191829,115774,332654,2,10,16.92,64.4,91.36,59.23,0,0,1,0,North,B2C,1919,9.13,0,1076,Print,2583,897,0.347,95703.41,1.136508511034246,106.69,Delayed,37.9,42.6,Traffic,Partner_C,Competitor_Z,28.62,106.54,0.054,3.08,20796,Delay,38.9,2.66,News,932,-0.61,0.053,30016,Compliance,15.3,197,Pickup,Oversized,Partner API,Corporate,Bronze
2023-07-02,9021,48319,7608808.07,8412,7778,19911,359.05,7.08,13.97,13.46,2903794,7.34,1207311,10.11,145652,1.11,4426,4.25,65250,4.32,13004,262120,192708,82972,383983,3,8,9.17,77.82,109.69,69.47,1,0,0,0,Central,B2B,2586,9.98,0,1051,Social,2540,1009,0.397,14487.41,24.00664024832596,14.36,On-Time,70.0,69.0,,Partner_C,Competitor_Z,47.73,111.36,0.013,3.99,20324,Damaged Goods,47.5,2.63,News,919,-0.8,0.119,30059,Connectivity,12.1,215,Pickup,Heavy,Partner API,Corporate,Platinum
2023-07-09,11461,37879,7762840.27,15543,7651,18472,240.33,21.0,48.49,14.68,2755774,8.08,2009228,7.29,55352,6.04,29549,2.48,87252,5.76,46687,333060,186664,60799,389360,1,16,7.13,51.46,106.05,36.47,1,0,1,0,North,B2C,3313,15.51,0,1065,Affiliate,938,915,0.975,23491.83,8.360784153469524,25.67,On-Time,39.1,38.7,,Partner_B,Competitor_X,47.27,95.79,0.077,4.09,20709,Lost Parcel,18.7,2.3,Blogs,846,0.8,0.09,30021,Compliance,17.2,480,Standard,Medium,Partner API,Individual,Silver
2023-07-16,10613,23304,10909491.99,15587,5512,28271,232.73,8.57,23.02,14.63,3585103,9.65,2168762,5.94,55221,5.75,18265,1.86,22642,9.12,89083,310041,249329,121088,415097,4,11,9.7,95.36,92.46,73.85,0,0,0,0,South,B2C,4191,16.48,0,1051,Print,2252,649,0.288,58382.3,1.5871157868052472,89.96,On-Time,20.6,15.900000000000002,,Partner_B,Competitor_Z,18.27,105.84,0.093,3.34,20670,Delay,21.9,4.13,News,861,-0.3,0.108,30023,Connectivity,20.0,308,Express,Heavy,Partner API,Corporate,Silver
2023-07-23,13225,40147,11510117.84,8728,3256,13266,232.85,18.05,35.71,12.0,2368005,10.13,1169475,13.84,189985,7.47,42315,1.67,66709,7.66,35006,328467,243927,78916,149522,4,12,17.74,57.81,91.05,66.66,0,0,2,0,North,B2C,3759,18.94,1,1091,Print,2115,722,0.341,61821.32,1.7194129792117019,85.63,On-Time,35.4,35.6,,Partner_A,Competitor_X,24.33,86.02,0.095,4.52,20079,Other,3.2,4.04,News,431,0.1,0.042,30080,Compliance,17.8,383,Express,Oversized,Call Center,Corporate,Gold
2023-07-30,11843,41616,5492912.92,19540,5376,10666,362.91,9.76,23.8,4.56,1252561,9.18,2186686,16.39,219942,9.01,33193,1.38,31330,2.5,19103,345328,185178,120463,330233,1,13,6.33,61.0,119.69,11.96,0,0,0,0,West,B2C,4988,8.07,1,1042,Social,2349,1185,0.504,68063.51,5.31833929810555,57.44,On-Time,69.1,73.5,,Partner_B,Competitor_Y,15.98,117.31,0.037,4.97,20030,Delay,1.6,2.91,Forums,497,-0.28,0.136,30084,Compliance,20.3,434,Express,Oversized,Website,Individual,Platinum
2023-08-06,9500,38237,6462431.02,15164,7645,14188,333.04,6.99,19.77,12.1,3389698,11.56,1153483,14.3,98112,1.71,5543,0.76,7604,3.18,26054,318490,201121,143500,498102,4,17,19.88,75.91,90.9,57.26,0,0,1,1,North,B2C,2271,16.97,1,1089,Social,2100,857,0.408,11527.22,23.760113886956272,13.45,Delayed,31.2,30.7,Weather,Partner_B,Competitor_Z,30.4,95.32,0.014,4.89,20984,Damaged Goods,44.3,1.18,Social Media,444,-0.75,0.172,30050,Connectivity,1.5,331,Express,Medium,Website,SME,Bronze
2023-08-13,12798,33808,9698004.62,19000,7262,27055,304.61,9.86,23.9,3.3,608335,2.18,477346,12.48,162569,7.58,38653,2.04,62108,2.06,18414,326155,120025,126700,473393,0,15,13.12,85.51,103.34,25.67,0,0,2,0,West,B2C,1069,16.08,0,1021,Affiliate,2163,796,0.368,96433.01,1.51438340460388,121.15,On-Time,64.1,60.699999999999996,,Partner_C,Competitor_Y,28.42,109.18,0.052,3.39,20111,Other,7.0,2.24,News,683,0.18,0.059,30049,Connectivity,0.8,183,Same-day,Light,Website,Corporate,Bronze
2023-08-20,14545,26585,7510527.47,16867,5486,20161,271.77,19.45,35.97,3.27,508045,3.96,573035,4.67,44747,2.69,5468,1.72,20423,7.05,42006,228230,235530,87158,107485,1,10,19.77,54.79,105.14,80.41,0,0,1,1,North,B2B,4924,5.96,0,1054,Digital,806,299,0.371,14012.93,4.798875038981854,46.87,Delayed,64.9,59.900000000000006,Other,Partner_B,Competitor_Z,46.03,80.81,0.011,4.75,20557,Damaged Goods,22.0,2.17,News,846,0.05,0.103,30010,Connectivity,6.2,26,Pickup,Light,App,Government,Platinum
2023-08-27,14873,49235,6779145.54,19657,5584,21314,375.44,22.11,33.97,6.88,1503074,2.08,476851,19.5,191678,8.72,17840,4.85,102076,5.58,28572,259778,163610,134607,343056,3,19,19.08,65.88,93.52,42.59,0,0,2,0,North,B2C,3104,10.81,0,1066,Digital,1118,815,0.729,22875.58,12.37599308957412,28.07,On-Time,33.0,33.7,,Partner_C,Competitor_X,47.2,88.21,0.093,4.41,20864,Damaged Goods,39.3,4.24,Blogs,935,-0.59,0.195,30055,Connectivity,21.6,165,Pickup,Heavy,Partner API,SME,Platinum
2023-09-03,13675,37675,7067034.12,13988,3396,22891,278.49,21.6,60.59,8.86,2502707,8.47,1927514,16.78,106297,8.37,27741,3.01,115219,3.07,16200,245833,170843,121696,212701,1,10,11.79,98.43,95.07,99.47,1,0,2,0,Central,B2C,2405,9.24,0,1098,Referral,1632,1147,0.703,11261.31,27.365086299906498,9.82,On-Time,17.0,18.8,,Partner_B,Competitor_X,25.34,99.48,0.018,3.91,20716,Delay,42.8,1.35,Blogs,767,-0.1,0.073,30070,Regulatory,19.8,317,Express,Light,Call Center,Government,Silver
2023-09-10,8161,39965,7257855.35,10504,5637,14777,363.32,12.94,19.82,12.24,1739701,10.98,2382740,8.69,50454,5.87,13033,2.06,25765,9.66,77167,222625,207237,111510,307352,2,12,7.98,63.12,100.55,9.25,0,0,1,0,South,B2B,3086,9.57,0,1059,Print,1895,755,0.398,61017.26,3.4955574865210264,80.82,On-Time,55.5,51.4,,Partner_B,Competitor_X,29.67,115.13,0.025,4.08,20563,Delay,25.4,4.22,Forums,554,0.59,0.123,30041,Connectivity,16.4,273,Express,Light,Call Center,Corporate,Gold
2023-09-17,12297,31649,10940688.56,10967,5330,13900,287.83,18.36,51.63,11.2,2515445,4.43,949371,19.68,241658,7.39,19569,3.11,135513,6.24,54396,232088,280903,108692,202638,3,16,7.47,65.65,112.85,78.03,0,0,1,1,South,B2B,3007,19.74,1,1057,Affiliate,2904,477,0.164,93904.02,0.46207702290061703,196.86,Delayed,30.7,33.8,Traffic,Partner_B,Competitor_X,45.85,101.09,0.041,4.7,20649,Damaged Goods,27.6,3.68,Forums,214,0.18,0.027,30038,Compliance,16.8,382,Express,Heavy,App,Individual,Gold
2023-09-24,9981,43938,5956349.32,10786,4703,23716,275.39,9.1,20.87,8.35,1889705,11.27,1485334,13.63,135817,3.83,15447,1.13,11472,3.94,16828,372239,274499,111744,284514,2,9,8.6,91.82,105.21,67.37,0,0,2,0,East,B2C,1800,14.64,1,1011,Print,2728,690,0.253,69935.24,1.717072251414308,101.36,Delayed,59.0,57.8,Traffic,Partner_A,Competitor_Z,42.27,117.19,0.038,3.96,20471,Delay,32.5,3.93,News,412,-0.81,0.125,30068,Compliance,17.4,364,Pickup,Oversized,Call Center,Individual,Gold
2023-10-01,8995,43664,9962376.98,9122,2470,16981,292.54,10.86,31.59,6.28,1548789,2.6,243766,13.32,124788,5.24,35713,2.5,49682,6.0,33579,303937,230299,65810,374370,3,18,15.65,52.51,109.14,76.75,0,0,2,0,Central,B2B,4514,15.77,0,1087,Affiliate,1879,454,0.242,84039.17,0.5803721050552975,185.11,On-Time,38.6,39.5,,Partner_C,Competitor_Y,10.15,99.35,0.079,3.75,20073,Delay,46.2,2.73,Social Media,327,0.1,0.027,30047,Regulatory,22.6,102,Pickup,Light,Website,Individual,Platinum
2023-10-08,14413,21636,8869739.84,12079,7131,16376,260.28,22.93,61.87,14.97,1890913,11.34,1684065,15.97,196352,8.39,45576,3.32,131592,7.44,69293,396375,269578,55126,193405,4,7,9.09,73.23,119.56,30.75,1,0,1,0,Central,B2C,2041,19.65,1,1068,Affiliate,2199,580,0.264,11195.31,12.484432320319849,19.3,On-Time,41.1,45.7,,Partner_A,Competitor_X,22.8,99.62,0.046,3.99,20552,Damaged Goods,29.3,3.72,Social Media,933,0.41,0.192,30056,Connectivity,20.0,447,Express,Oversized,App,Corporate,Gold
2023-10-15,12911,40080,7075571.01,9571,3353,26907,349.52,5.26,15.76,8.11,1972068,5.52,604435,16.99,215010,5.13,26039,2.7,61157,2.61,22568,276361,105668,80009,384732,1,16,10.12,68.98,113.04,49.21,0,0,0,0,South,B2C,3779,10.66,0,1083,Affiliate,2615,1091,0.417,58781.38,5.487195775260806,53.88,On-Time,58.7,60.2,,Partner_B,Competitor_Z,26.87,84.79,0.017,4.16,20478,Delay,27.3,3.44,Forums,957,0.59,0.146,30020,Compliance,15.0,332,Same-day,Heavy,Call Center,Corporate,Silver
2023-10-22,11342,47575,7938466.0,13073,4783,28777,300.54,6.71,13.59,8.42,2372810,3.01,596406,14.5,95541,4.22,15871,2.31,32514,4.2,41554,288229,278267,149120,310048,0,7,11.73,65.83,103.03,79.65,0,0,1,0,Central,B2B,1824,17.03,0,1038,Print,2839,741,0.261,51360.67,3.3360053519551056,69.31,On-Time,34.9,37.199999999999996,,Partner_A,Competitor_Y,19.19,112.11,0.027,3.38,20588,Other,1.7,4.08,Blogs,344,0.26,0.16,30081,Regulatory,16.0,372,Standard,Oversized,App,Government,Platinum
2023-10-29,12551,47728,6793448.61,13104,4831,28977,246.44,9.16,24.28,4.96,674245,6.86,952421,6.05,67168,5.45,41368,4.97,121314,8.46,70046,335189,173233,140932,262781,3,17,18.7,64.28,103.39,23.25,0,0,2,0,South,B2C,1755,11.52,1,1012,Social,680,1487,2.187,54907.11,5.674113425383343,36.92,Delayed,38.6,36.7,Weather,Partner_C,Competitor_X,17.98,89.88,0.051,4.8,20386,Damaged Goods,4.8,2.79,News,917,-0.69,0.144,30098,Compliance,5.1,103,Standard,Oversized,App,Individual,Platinum
2023-11-05,11798,37082,9280595.98,10143,7063,20160,379.91,5.53,11.63,12.54,1849758,4.57,1123551,9.41,59786,8.45,37028,4.46,92838,5.68,32673,290265,255489,50192,137019,3,10,7.84,54.57,108.56,22.6,0,0,1,0,Central,B2C,3399,18.04,0,1040,Print,2981,1024,0.344,16499.19,22.578602343508987,16.11,On-Time,34.6,30.1,,Partner_B,Competitor_Y,11.51,115.98,0.015,4.35,20698,Damaged Goods,28.1,2.89,News,625,0.42,0.122,30019,Regulatory,15.8,413,Standard,Heavy,Call Center,Corporate,Gold
2023-11-12,9275,46736,5571159.26,17879,2357,24124,276.78,8.63,19.16,11.32,3331238,4.85,916481,18.85,235884,4.02,10140,3.31,144675,6.37,45446,297718,181982,86413,361497,2,6,5.08,65.74,109.96,55.11,0,0,0,0,North,B2B,2995,7.71,1,1056,Affiliate,1987,1078,0.543,71599.18,3.1672102948665053,66.42,On-Time,34.0,36.3,,Partner_A,Competitor_X,35.73,116.43,0.061,4.27,20881,Damaged Goods,45.0,3.57,Social Media,627,0.35,0.095,30014,Regulatory,10.2,244,Pickup,Oversized,Website,SME,Bronze
2023-11-19,9016,48673,5036294.04,14806,5019,26282,308.71,16.66,40.67,5.65,769503,5.07,1114495,7.59,87812,2.56,14598,3.06,68953,5.46,41643,260710,206133,62816,165133,4,10,5.9,52.15,105.02,52.36,1,0,1,0,South,B2B,2839,19.22,1,1052,Referral,1413,1338,0.947,55289.84,6.4707031165219515,41.32,On-Time,43.6,40.5,,Partner_A,Competitor_Y,20.5,117.73,0.057,3.2,20563,Damaged Goods,41.7,1.43,Forums,526,-0.95,0.173,30068,Other,3.7,304,Pickup,Light,Call Center,Corporate,Bronze
2023-11-26,14439,24737,9395260.9,15357,2667,20488,381.29,13.43,37.75,3.99,1080799,10.03,1028367,9.95,144933,7.41,19881,3.29,136723,2.35,8340,294876,110751,89082,476588,2,17,18.57,89.05,109.35,28.23,1,0,2,0,South,B2B,2321,8.28,0,1011,Digital,2057,1499,0.729,78863.4,6.247388649233993,52.61,On-Time,60.5,64.9,,Partner_C,Competitor_Y,12.09,100.81,0.071,4.21,20929,Damaged Goods,47.2,2.74,Social Media,141,-0.18,0.192,30076,Other,19.4,168,Standard,Light,Partner API,Corporate,Silver
2023-12-03,14863,34555,6359917.67,11440,6468,15240,324.85,22.85,68.0,11.17,2216748,7.39,1674148,10.91,62073,8.43,34321,1.41,64401,3.33,22682,398126,146218,115048,297530,2,10,14.71,69.91,90.71,29.81,0,0,1,0,West,B2B,3330,9.89,1,1012,Affiliate,2613,480,0.184,53676.16,1.9049768090712895,111.83,On-Time,33.7,33.300000000000004,,Partner_A,Competitor_X,19.24,107.08,0.094,3.24,20432,Lost Parcel,25.8,4.89,Social Media,564,-0.33,0.105,30050,Connectivity,12.2,115,Standard,Light,Partner API,SME,Gold
2023-12-10,8337,33877,5496586.42,11766,7127,20453,223.38,21.35,56.63,10.85,1621491,5.11,1210399,11.03,61443,1.91,9634,2.28,62364,5.56,44286,230949,226649,100940,479747,4,12,9.1,72.2,102.89,27.78,0,0,2,0,Central,B2C,2609,16.34,0,1073,Referral,1544,1498,0.97,23444.35,13.273086692529331,15.65,On-Time,43.5,47.8,,Partner_C,Competitor_Z,42.08,111.14,0.091,3.16,20411,Delay,38.0,1.15,Forums,721,0.34,0.187,30075,Other,23.5,140,Same-day,Light,Call Center,Individual,Gold
2023-12-17,8878,20854,7777486.79,13644,3145,20478,387.97,11.84,25.18,6.28,1721661,8.1,1318684,13.81,108020,3.16,22895,0.68,31550,3.67,15308,353619,107352,82130,258598,0,11,7.66,94.68,98.37,77.15,1,0,2,0,Central,B2B,1109,10.91,0,1096,Social,2135,972,0.455,68343.13,4.517845612280269,70.31,On-Time,52.2,47.900000000000006,,Partner_B,Competitor_Y,44.06,85.24,0.095,4.05,20466,Damaged Goods,40.5,2.26,Blogs,377,-0.57,0.121,30061,Regulatory,6.8,417,Pickup,Oversized,Website,SME,Platinum
2023-12-24,9076,44548,5355379.72,18518,7467,22394,325.54,10.19,21.73,14.41,2724369,9.16,1676857,19.09,145409,2.28,11311,2.64,66244,2.4,20314,268136,188835,90142,228585,2,12,9.41,82.9,93.88,65.19,0,0,1,0,South,B2B,2016,14.12,0,1056,Affiliate,2931,1042,0.356,25514.77,12.294757507122345,24.49,On-Time,28.2,25.5,,Partner_B,Competitor_X,29.32,104.04,0.024,3.81,20598,Damaged Goods,31.5,2.26,News,935,0.18,0.112,30084,Compliance,11.5,355,Pickup,Light,Partner API,Individual,Platinum
2023-12-31,12887,25855,11206320.04,10914,6185,29262,266.98,12.59,32.81,4.81,976254,4.73,993383,7.85,58637,4.13,25661,2.94,142775,8.75,62006,311541,197493,86468,345172,2,18,6.72,50.4,92.99,83.24,0,0,2,0,North,B2B,4251,11.67,0,1039,Referral,2138,918,0.429,88515.51,1.7688666088011018,96.42,On-Time,28.7,27.099999999999998,,Partner_A,Competitor_Y,26.64,81.37,0.013,4.18,20620,Delay,16.9,3.53,Blogs,118,0.83,0.096,30036,Compliance,10.8,477,Standard,Oversized,Partner API,SME,Gold
2024-01-07,11993,27392,5193317.4,12968,5719,14432,227.85,16.81,31.24,8.19,1407424,6.14,673696,5.94,83531,5.05,40182,1.52,20628,9.85,95205,395691,128927,80698,405539,3,13,19.12,97.16,108.1,97.55,0,0,2,0,North,B2B,2961,16.14,1,1079,Affiliate,2082,527,0.253,65180.46,0.8422231141050553,123.68,Delayed,68.0,64.8,Weather,Partner_B,Competitor_Y,49.11,99.9,0.03,3.18,20991,Delay,23.1,1.42,Forums,165,0.6,0.05,30005,Connectivity,2.9,124,Same-day,Medium,Call Center,Government,Platinum
2024-01-14,14360,42912,9052054.27,13917,4745,23568,358.81,10.36,17.26,14.32,3130211,3.22,532704,7.16,53667,7.74,21586,4.84,181406,8.35,27529,261842,272166,60655,225814,4,10,16.76,61.86,105.71,47.42,0,0,0,0,North,B2B,3591,8.42,0,1044,Print,2586,410,0.159,24148.35,5.092014568283133,58.9,On-Time,55.4,53.9,,Partner_B,Competitor_Z,18.02,86.19,0.09,3.86,20908,Lost Parcel,41.3,3.51,Forums,266,0.84,0.011,30070,Other,10.2,24,Same-day,Oversized,Call Center,Individual,Gold
2024-01-21,12859,48050,8069318.86,16787,2539,24178,324.01,17.48,35.52,8.04,1066946,3.81,563014,18.19,140417,6.86,25027,4.59,136564,8.83,42889,226990,201948,97897,474743,1,18,11.94,55.38,97.61,6.67,0,0,0,0,Central,B2C,2769,5.88,1,1034,Referral,1808,926,0.512,96610.43,2.105599053849569,104.33,On-Time,46.6,41.9,,Partner_A,Competitor_Y,18.61,87.32,0.097,3.35,20736,Delay,15.0,1.38,News,684,0.96,0.056,30025,Connectivity,6.9,193,Standard,Light,Call Center,Corporate,Silver
2024-01-28,14331,33949,9704182.95,8728,4779,27660,306.69,13.19,25.47,10.66,1899785,8.81,924024,14.33,180471,6.59,28781,3.75,95647,3.94,28410,347265,285194,80075,125939,0,7,17.97,88.41,104.13,4.81,0,0,0,0,West,B2B,4865,9.5,0,1002,Print,1321,1122,0.849,56652.89,5.073938681680669,50.49,On-Time,50.9,48.8,,Partner_B,Competitor_Y,21.67,94.6,0.086,4.97,20993,Other,44.4,1.38,Blogs,502,-0.98,0.107,30007,Regulatory,3.8,383,Standard,Medium,App,Government,Platinum
2024-02-04,8379,41633,7297068.67,9365,6964,10302,378.78,16.04,31.19,7.77,2283466,3.81,542852,8.57,81392,4.17,18894,2.9,102394,9.69,49185,230109,129493,59359,253939,0,14,8.74,75.02,104.77,29.57,0,0,0,0,South,B2C,1024,12.11,0,1004,Print,1101,751,0.682,16560.86,16.176872457106693,22.05,On-Time,13.8,9.600000000000001,,Partner_A,Competitor_X,16.91,97.3,0.011,4.12,20992,Other,11.8,3.91,News,921,0.25,0.082,30072,Other,6.8,99,Pickup,Heavy,App,Individual,Gold
2024-02-11,8492,41556,6085291.32,12492,6136,27022,357.72,13.72,25.39,6.29,953731,7.25,664022,17.06,217806,8.57,38274,4.41,168260,3.58,28643,330356,131707,92056,362347,4,7,15.76,71.69,95.85,93.25,0,0,2,0,East,B2B,1842,7.52,1,1089,Referral,2120,225,0.106,66414.96,0.21188057630389287,295.18,On-Time,49.1,48.9,,Partner_C,Competitor_X,25.17,104.93,0.095,4.37,20247,Delay,36.2,2.3,Social Media,508,-0.17,0.095,30090,Connectivity,5.6,401,Standard,Oversized,App,Individual,Platinum
2024-02-18,13276,38091,11872886.22,8698,6835,10055,230.33,10.89,17.02,14.81,3426254,9.09,767087,17.78,100522,5.24,39015,1.09,11090,9.61,79888,350305,299886,101831,391207,3,15,17.84,62.48,109.56,52.32,0,0,1,1,West,B2B,3838,10.32,0,1010,Digital,1284,226,0.176,32787.9,0.5876155532986254,145.08,On-Time,42.6,46.4,,Partner_C,Competitor_Z,46.43,82.98,0.042,3.65,20580,Lost Parcel,30.6,4.91,Social Media,211,0.72,0.196,30003,Compliance,17.6,4,Express,Light,Call Center,Individual,Silver
2024-02-25,10062,47353,10872534.51,15186,5775,23013,262.34,23.97,36.6,7.91,1305450,3.07,316143,17.54,173219,9.81,61647,4.06,67713,9.96,37027,328133,238368,109191,190880,3,16,10.35,77.37,113.43,27.18,1,0,2,0,East,B2B,1737,11.0,0,1070,Referral,1711,901,0.527,82332.41,1.870902722269395,91.38,On-Time,44.7,44.400000000000006,,Partner_C,Competitor_Y,34.61,100.15,0.001,3.19,20119,Delay,36.2,1.15,Social Media,373,-0.5,0.077,30020,Compliance,0.7,18,Same-day,Light,Website,SME,Platinum
2024-03-03,11884,25791,11022832.33,8395,7320,18717,249.7,20.27,60.44,13.73,3496957,7.67,1869405,18.7,99785,6.71,37894,1.06,40833,7.69,50730,365582,256470,83272,103748,4,5,16.36,63.72,113.74,39.92,1,0,2,0,West,B2B,3104,5.86,0,1055,Digital,1170,1306,1.116,83603.99,2.9006296230598565,64.02,Failed,33.6,37.300000000000004,,Partner_A,Competitor_Y,26.48,87.31,0.044,4.95,20066,Damaged Goods,21.6,2.78,Blogs,506,0.96,0.096,30030,Connectivity,14.8,169,Standard,Light,Partner API,Individual,Gold
2024-03-10,8064,46309,6751759.52,15400,7024,18150,348.79,7.8,16.7,5.76,726766,4.57,792529,8.04,45237,2.14,8252,4.07,149187,9.85,64638,201306,135842,64671,336094,3,15,9.43,95.08,108.07,59.86,1,0,2,0,North,B2B,1179,13.75,0,1009,Affiliate,1766,881,0.499,98105.26,2.1321866941690995,111.36,On-Time,16.9,15.999999999999998,,Partner_A,Competitor_Y,47.38,102.96,0.005,3.57,20572,Delay,44.8,1.45,Social Media,472,0.23,0.035,30020,Connectivity,18.3,273,Express,Heavy,App,Corporate,Platinum
2024-03-17,10568,41919,5271843.14,16082,4508,12125,206.71,22.37,46.45,5.56,1634441,11.63,2839926,16.08,226155,7.09,49224,1.74,84636,6.56,36637,203849,113261,77048,479413,0,19,9.48,60.76,105.35,65.29,0,0,1,1,Central,B2B,1231,18.27,0,1033,Affiliate,1596,612,0.383,55168.26,1.29310331701598,90.14,On-Time,23.6,23.8,,Partner_B,Competitor_Z,11.94,105.5,0.054,3.85,20955,Lost Parcel,30.7,2.41,News,696,0.59,0.019,30024,Connectivity,11.5,253,Same-day,Medium,Website,Individual,Platinum
2024-03-24,13463,24931,7122858.6,12171,4779,21479,313.98,14.75,37.16,3.37,642854,6.84,1050108,11.37,72682,3.93,30380,4.45,179964,4.08,38884,212360,176709,126274,442908,0,17,6.61,94.22,91.83,15.39,0,0,0,0,East,B2B,2917,7.28,1,1066,Referral,2497,366,0.147,50946.12,1.2556512645123907,139.2,On-Time,69.0,67.8,,Partner_B,Competitor_Y,18.41,102.27,0.034,4.3,20326,Delay,14.5,4.99,Blogs,750,-0.83,0.157,30014,Regulatory,22.4,120,Express,Medium,Call Center,Corporate,Gold
2024-03-31,13248,39894,8759576.99,12360,2924,25745,352.49,22.89,41.83,10.82,1592813,10.06,1338067,17.47,180363,7.18,49737,4.75,228146,5.5,48358,311072,195985,75963,251956,1,19,11.6,77.97,98.63,97.7,0,0,2,0,West,B2B,1342,13.97,0,1071,Affiliate,600,368,0.613,77812.8,0.6670306170707133,211.45,On-Time,36.5,41.4,,Partner_B,Competitor_X,32.64,109.53,0.047,3.05,20919,Delay,31.0,4.56,News,138,-0.63,0.118,30034,Regulatory,17.0,31,Express,Light,App,Corporate,Bronze
2024-04-07,10027,20202,7286558.69,10502,4956,26748,375.35,21.0,61.42,7.42,851069,7.5,1245330,15.66,142677,1.63,3275,1.17,44578,6.75,53193,294767,206616,93954,256255,4,9,15.95,91.42,92.8,54.48,0,0,2,0,Central,B2C,1476,14.97,0,1030,Social,2279,428,0.188,21922.36,6.328125256587338,51.22,On-Time,40.0,43.1,,Partner_B,Competitor_Z,34.62,93.42,0.061,4.62,20702,Delay,14.5,1.19,Forums,204,0.52,0.155,30048,Compliance,18.0,148,Standard,Oversized,Call Center,Corporate,Platinum
2024-04-14,10695,31447,10795083.03,18011,3581,16809,268.42,13.5,36.17,13.37,1790932,2.43,375962,16.42,139133,2.57,14953,2.58,56558,2.58,20640,376872,287776,122309,470180,2,18,19.1,85.64,118.91,13.57,0,0,0,0,East,B2B,2822,11.29,1,1074,Print,675,566,0.839,59222.4,1.5653421678283894,104.63,Delayed,15.2,15.299999999999999,Weather,Partner_B,Competitor_X,11.58,110.6,0.087,4.07,20469,Delay,14.8,3.25,Blogs,423,-0.96,0.038,30042,Regulatory,4.7,265,Same-day,Light,Website,Government,Platinum
2024-04-21,9495,40602,6900800.41,8717,5324,14621,364.25,5.45,8.91,8.68,1770327,8.33,816031,14.5,202975,8.7,20069,4.91,69793,6.98,43499,368035,167173,145430,250331,2,8,14.06,84.83,94.05,89.36,0,0,2,0,South,B2C,3623,15.52,0,1070,Print,737,727,0.986,59162.28,3.4759896001303536,81.38,On-Time,14.3,9.8,,Partner_A,Competitor_X,26.12,97.31,0.066,3.56,20492,Lost Parcel,19.8,3.59,News,892,0.63,0.119,30040,Regulatory,18.7,36,Express,Light,App,Corporate,Silver
2024-04-28,13258,32688,11756762.81,10782,6485,25034,222.13,10.37,22.05,14.62,2447397,11.51,2174704,6.84,35692,3.04,10778,2.68,110611,9.85,93052,254330,131781,50717,267031,1,13,17.95,66.22,94.55,7.46,0,0,1,0,West,B2B,1454,11.16,1,1065,Digital,1622,990,0.61,18052.58,11.181566291355583,18.23,On-Time,55.0,56.2,,Partner_A,Competitor_Z,35.97,99.37,0.043,3.12,20700,Delay,41.1,1.84,News,513,-0.97,0.058,30036,Other,20.0,176,Pickup,Oversized,App,SME,Bronze
2024-05-05,13618,45342,8200856.13,12946,7713,23623,369.29,15.83,44.62,5.23,1390012,8.02,936146,12.72,148034,8.53,20106,4.39,157012,3.52,27674,251707,113652,61676,478669,1,19,17.34,61.69,116.69,90.77,1,0,2,0,South,B2C,2255,12.57,0,1069,Affiliate,2477,723,0.292,47618.57,4.6069863080726705,65.86,On-Time,44.3,45.099999999999994,,Partner_C,Competitor_X,37.92,105.92,0.082,3.32,20662,Lost Parcel,24.5,1.58,Blogs,528,0.31,0.053,30056,Regulatory,8.7,341,Same-day,Light,App,Individual,Silver
2024-05-12,14736,24389,10894161.53,19769,2255,15126,225.5,17.67,51.55,13.42,2498502,10.19,1888512,19.75,289020,3.51,19735,3.15,37571,8.34,67577,218689,105103,54434,447823,3,13,7.6,60.54,118.32,99.66,0,0,2,0,North,B2B,1288,5.11,0,1040,Digital,2503,1295,0.517,86795.63,2.364483903164249,67.02,On-Time,42.5,40.4,,Partner_C,Competitor_Y,35.53,80.73,0.091,4.79,20285,Damaged Goods,32.9,4.62,Forums,734,-0.27,0.012,30041,Other,5.1,12,Pickup,Heavy,App,SME,Gold
2024-05-19,8391,22327,6360660.24,13486,6804,15122,279.46,10.16,22.36,12.32,1844831,10.84,2065390,19.0,201431,6.79,41551,2.19,53440,9.26,83634,229084,125500,99810,225829,1,19,12.29,92.86,112.97,70.04,0,0,0,0,South,B2B,2236,15.38,1,1062,Print,2037,305,0.15,87053.83,-0.020889718465000488,285.42,On-Time,26.6,25.6,,Partner_C,Competitor_Z,22.82,106.16,0.012,4.37,20955,Damaged Goods,19.4,4.88,Blogs,829,0.22,0.035,30046,Regulatory,9.2,182,Standard,Light,Website,Government,Gold
2024-05-26,13794,28004,7879477.34,16335,3838,28030,359.46,7.79,18.85,12.25,2737005,4.28,453013,4.69,67386,7.25,19480,1.79,86406,9.55,46971,240387,200336,144636,228216,1,18,6.75,91.02,90.16,77.04,0,0,2,0,South,B2B,3305,14.92,0,1031,Print,1254,931,0.742,18931.39,16.67737392764081,20.33,On-Time,56.7,58.7,,Partner_C,Competitor_X,13.74,104.74,0.053,3.5,20913,Damaged Goods,13.4,4.97,Social Media,988,0.39,0.069,30091,Compliance,17.8,144,Pickup,Heavy,App,Individual,Silver
2024-06-02,12514,39315,9896585.48,12980,3944,27302,229.98,21.7,37.99,13.14,3171410,4.12,372569,6.64,36669,5.61,24140,1.41,42322,9.68,83727,274816,266601,54994,495319,2,9,15.23,72.03,90.04,33.73,1,0,2,1,West,B2C,1529,5.58,1,1019,Affiliate,2758,1164,0.422,18164.88,13.737048634507905,15.61,On-Time,22.1,23.0,,Partner_A,Competitor_Y,27.08,92.39,0.028,3.13,20607,Other,45.9,4.16,Social Media,160,-0.32,0.032,30060,Connectivity,10.0,264,Same-day,Light,Partner API,Corporate,Platinum
2024-06-09,14432,27777,5968471.65,19332,2009,29181,245.85,24.69,73.74,12.13,1618243,8.11,1725235,6.11,56138,3.75,17765,3.93,107325,6.17,26942,202642,213499,54234,165901,3,14,19.25,56.62,101.34,94.16,0,0,1,0,North,B2C,3734,10.52,0,1056,Social,1646,332,0.202,33642.59,1.4261568446424608,101.33,On-Time,23.4,26.2,,Partner_A,Competitor_Y,15.15,83.43,0.005,4.38,20311,Delay,29.4,3.65,Forums,711,-0.78,0.197,30013,Compliance,17.7,87,Express,Medium,Partner API,Individual,Bronze
2024-06-16,12474,20197,5929217.96,15266,4871,15870,344.45,15.51,28.65,10.51,1403335,6.11,966394,15.62,118736,2.91,12263,2.24,63409,9.82,53198,242137,249524,119300,343386,1,8,7.06,69.11,94.3,52.97,1,0,0,0,South,B2C,3976,19.69,0,1097,Social,1911,733,0.384,88728.95,1.8455408296841114,121.05,On-Time,39.6,34.9,,Partner_A,Competitor_X,47.9,83.64,0.067,4.14,20308,Delay,44.9,2.38,News,406,-0.86,0.069,30067,Regulatory,2.7,427,Express,Oversized,Call Center,Government,Silver
2024-06-23,13892,43509,11786758.07,12491,2797,11531,344.01,8.43,24.57,4.57,490517,10.4,934833,17.08,210224,1.3,3543,2.8,51394,8.06,43115,386633,149393,93949,275607,1,11,16.01,80.97,90.55,73.24,1,0,0,0,Central,B2C,3276,11.31,0,1049,Affiliate,639,1174,1.837,21601.23,17.696515892844992,18.4,Failed,29.2,32.9,,Partner_B,Competitor_Y,29.01,116.93,0.086,3.81,20774,Lost Parcel,10.6,1.69,News,453,0.18,0.035,30052,Connectivity,19.3,461,Same-day,Medium,App,Government,Silver
2024-06-30,11561,21930,10002165.73,15192,6972,18172,328.23,10.45,25.86,3.39,838280,11.0,2740400,7.42,109912,3.74,16881,2.72,67315,3.29,32405,262260,262246,87405,198046,3,19,14.48,72.72,103.92,92.41,0,0,1,0,East,B2B,4297,12.53,0,1079,Affiliate,1040,468,0.45,74799.71,1.053639512773512,159.83,On-Time,26.8,28.1,,Partner_B,Competitor_Z,22.69,107.57,0.016,3.73,20096,Damaged Goods,7.9,1.32,News,492,0.04,0.048,30083,Connectivity,6.1,45,Express,Light,Partner API,SME,Gold
2024-07-07,10278,31774,5287472.62,19130,7124,29729,338.79,5.37,12.95,14.05,3270290,5.53,496719,12.09,91464,6.88,44768,3.1,76856,5.82,52355,346510,295522,84872,452156,4,10,13.75,89.01,118.29,97.52,0,0,2,1,South,B2B,1595,18.65,1,1024,Digital,1914,872,0.456,19104.91,14.463296084619087,21.91,Delayed,50.7,55.400000000000006,Traffic,Partner_C,Competitor_X,40.65,85.08,0.081,3.43,20964,Other,41.2,3.77,Blogs,303,0.48,0.122,30033,Connectivity,6.0,391,Pickup,Light,Partner API,Individual,Platinum
2024-07-14,14184,35087,7791746.31,13588,3015,17673,308.54,23.29,52.85,10.4,2027232,4.37,865941,17.45,201403,9.44,22901,4.4,53214,7.75,61288,248442,266508,92215,178278,3,8,10.85,99.88,99.71,83.32,0,0,0,0,North,B2B,4874,15.76,0,1011,Affiliate,769,990,1.287,66082.41,3.622328392684226,66.75,Delayed,51.1,53.9,Weather,Partner_B,Competitor_Y,29.92,94.27,0.085,4.34,20112,Delay,33.0,4.14,Blogs,357,0.02,0.022,30075,Other,14.2,118,Express,Heavy,Partner API,Individual,Bronze
2024-07-21,11099,42671,8034645.16,15651,3824,16882,250.36,7.36,13.59,12.56,3376556,9.81,2425281,15.72,109740,8.84,21932,4.91,199850,3.98,32195,303061,147406,73185,374535,2,17,10.33,59.56,109.83,30.3,0,0,0,0,South,B2C,1434,13.73,1,1070,Social,1535,217,0.141,42046.06,0.2921096530804552,193.76,On-Time,61.5,58.7,,Partner_A,Competitor_Y,22.4,103.7,0.091,4.94,20987,Delay,9.8,4.31,Forums,585,-0.16,0.174,30096,Compliance,1.7,420,Express,Light,Website,Individual,Silver
2024-07-28,14278,45184,10208298.5,11636,6469,11906,269.14,16.53,29.17,8.78,2292756,4.75,573137,12.68,135083,7.89,32574,2.33,62118,7.12,49373,334066,163059,93442,202476,4,17,5.68,72.98,109.57,96.65,0,0,2,0,East,B2B,1881,16.97,1,1038,Affiliate,2390,316,0.132,81002.26,0.04994897673225409,256.34,On-Time,37.1,40.1,,Partner_C,Competitor_X,42.48,113.42,0.027,3.35,20636,Delay,13.7,4.66,Social Media,616,-0.2,0.193,30023,Other,0.6,18,Pickup,Light,App,SME,Bronze
2024-08-04,8200,47848,6756023.69,19414,5136,13086,236.32,10.48,19.19,4.41,957282,10.23,1065785,13.45,129648,8.1,61967,4.22,180983,7.33,70585,325844,247026,101759,482865,0,19,8.27,71.55,97.53,62.81,0,0,2,0,North,B2C,4068,17.97,0,1016,Digital,1005,997,0.992,31032.14,6.592484437102951,31.13,On-Time,16.4,20.599999999999998,,Partner_C,Competitor_X,44.69,81.75,0.09,4.19,20455,Damaged Goods,38.6,4.52,News,545,-0.95,0.057,30019,Connectivity,6.3,446,Pickup,Light,Website,Government,Bronze
2024-08-11,13959,29339,6290335.72,9167,4193,23503,381.69,16.08,28.62,4.5,1231444,6.24,627965,12.13,178554,6.98,41959,3.94,173414,3.3,21363,299575,182722,91153,197537,3,14,5.23,65.22,109.51,93.06,1,0,0,0,West,B2C,2781,11.85,0,1044,Digital,1629,1367,0.839,67528.16,6.726705866115705,49.4,On-Time,28.4,28.7,,Partner_B,Competitor_X,36.92,89.47,0.032,3.85,20462,Lost Parcel,22.3,5.0,Social Media,808,-0.33,0.096,30068,Compliance,12.9,219,Pickup,Medium,Website,Corporate,Silver
2024-08-18,12875,40666,5566110.77,18808,2223,18152,316.68,18.03,48.13,11.23,1585319,8.68,1141912,8.76,97106,3.34,20280,3.08,56917,6.52,36926,201813,112356,127535,443303,2,6,13.72,59.9,96.37,67.61,1,0,2,0,North,B2C,1401,12.13,1,1010,Digital,2579,750,0.291,31211.43,6.609712211199551,41.62,On-Time,70.8,75.7,,Partner_C,Competitor_X,11.88,115.59,0.055,3.89,20947,Delay,32.5,1.98,Blogs,279,0.95,0.014,30029,Compliance,21.8,429,Standard,Heavy,Partner API,Individual,Bronze
2024-08-25,11104,31589,7998201.32,9062,7358,15750,280.17,21.59,43.72,8.16,998652,2.96,287646,13.04,110775,9.16,38211,4.8,174211,8.17,33833,293027,228128,52581,493184,4,5,6.59,53.28,93.66,30.72,0,0,0,0,West,B2C,3669,10.79,1,1069,Digital,2372,1128,0.476,74229.43,3.2574994850425236,65.81,Delayed,47.8,52.0,Other,Partner_B,Competitor_Z,32.65,80.37,0.005,3.51,20131,Delay,16.0,4.05,Blogs,441,0.75,0.132,30087,Regulatory,20.3,232,Pickup,Medium,Partner API,SME,Gold
2024-09-01,12598,38895,9819499.31,10156,7898,22772,292.4,9.13,14.49,5.41,832869,8.24,1628779,15.02,92237,7.04,39156,1.4,40447,5.99,50935,323489,102187,101717,281429,3,8,18.1,94.36,111.04,37.0,0,0,2,1,North,B2C,4837,19.5,0,1022,Referral,1592,952,0.598,88631.02,2.1407152935845706,93.1,Delayed,54.6,51.5,Operational,Partner_B,Competitor_X,40.53,88.06,0.004,4.65,20929,Lost Parcel,18.9,3.35,Blogs,232,-0.34,0.089,30006,Other,11.8,93,Pickup,Heavy,Call Center,SME,Platinum
2024-09-08,10454,35708,5407355.17,15860,6948,20267,389.46,5.22,15.42,8.9,991614,6.52,590644,17.97,117029,6.04,12447,0.99,44754,2.1,17096,284381,177243,52763,317980,1,8,12.85,70.99,93.4,55.05,0,0,2,1,East,B2B,3135,15.46,0,1090,Affiliate,1312,621,0.473,21412.16,10.29520141825953,34.48,On-Time,12.4,9.7,,Partner_C,Competitor_Z,15.46,118.36,0.072,3.97,20964,Damaged Goods,47.6,2.04,Social Media,542,0.18,0.061,30035,Other,0.9,454,Standard,Medium,App,Corporate,Platinum
2024-09-15,11645,46370,11406496.09,13161,6158,11062,230.67,7.74,21.87,3.77,777501,7.87,1311155,14.18,102849,2.0,11633,4.34,80852,2.07,11779,255276,135098,142910,397647,3,17,15.5,74.84,119.91,79.0,0,0,1,0,East,B2C,3631,6.25,0,1069,Print,861,845,0.981,87993.61,1.2151170977074357,104.13,On-Time,43.1,38.9,,Partner_B,Competitor_Z,19.15,104.54,0.044,4.09,20928,Delay,12.6,4.93,Forums,935,0.69,0.049,30037,Regulatory,12.8,250,Express,Light,App,Government,Platinum
2024-09-22,13847,37043,8096465.61,13305,7336,28360,317.25,23.0,66.51,9.98,2867464,3.68,917933,16.18,121506,5.02,37548,2.48,92039,4.86,15437,241243,252297,105480,175403,0,5,11.16,95.85,95.5,31.8,0,0,2,0,North,B2C,4964,17.94,1,1037,Affiliate,1956,757,0.387,63421.77,2.786684761399753,83.78,On-Time,14.3,10.8,,Partner_B,Competitor_X,45.3,90.47,0.026,3.61,20120,Damaged Goods,24.8,4.59,Forums,352,-0.12,0.134,30079,Other,16.9,249,Pickup,Medium,Partner API,Individual,Gold
2024-09-29,8804,22811,6678511.51,19174,5925,27680,301.18,22.48,67.27,6.23,672022,9.37,2046173,6.56,88600,5.14,29171,4.31,147876,9.41,83494,393984,234678,88759,164286,3,10,13.41,88.81,107.82,57.97,0,0,1,0,South,B2B,2565,12.21,0,1001,Referral,1428,249,0.174,21439.94,2.4978558708653105,86.1,Delayed,46.2,44.400000000000006,Traffic,Partner_B,Competitor_Z,10.8,82.68,0.019,3.36,20196,Lost Parcel,40.7,1.51,Blogs,364,-0.96,0.089,30051,Connectivity,8.1,281,Same-day,Medium,Partner API,Individual,Gold
2024-10-06,14242,43482,5657113.03,14541,6784,16229,322.29,16.95,29.85,12.57,1563984,10.63,1962163,11.38,120767,8.78,63586,4.52,98590,3.83,11796,260272,157620,126067,436986,4,8,19.14,56.53,102.34,34.56,0,0,2,0,East,B2C,4755,6.03,1,1085,Digital,599,877,1.464,48478.77,4.830352750286363,55.28,On-Time,67.2,71.7,,Partner_B,Competitor_X,40.11,81.13,0.067,3.17,20805,Damaged Goods,12.2,1.1,News,192,-0.85,0.044,30014,Connectivity,2.7,231,Pickup,Heavy,App,SME,Gold
2024-10-13,10731,34243,6280061.98,19486,7580,26509,203.62,17.01,35.63,6.72,1279755,4.17,550703,4.15,42470,5.92,37555,0.78,12061,7.07,56036,373123,263900,75307,204927,4,5,6.24,78.27,93.79,81.58,0,0,0,0,West,B2C,1308,13.25,0,1083,Referral,2181,305,0.14,24477.43,1.5371985539331539,80.25,On-Time,70.1,67.3,,Partner_C,Competitor_X,28.95,89.79,0.0,4.43,20481,Damaged Goods,20.5,3.75,Social Media,761,0.02,0.141,30045,Other,6.7,45,Pickup,Heavy,Call Center,Government,Platinum
2024-10-20,13991,26546,11542297.98,12729,6000,25147,374.42,18.3,48.26,8.46,2426116,2.96,550744,7.95,48874,4.42,12037,4.48,161573,3.78,37013,265618,226270,146371,377052,3,5,8.81,72.11,90.84,46.67,1,0,0,0,West,B2B,3953,11.26,0,1088,Social,2556,1439,0.563,73031.31,6.377525885815276,50.75,On-Time,44.4,40.9,,Partner_A,Competitor_Y,27.87,115.26,0.081,3.39,20633,Delay,29.9,3.42,Blogs,510,0.94,0.117,30022,Regulatory,18.5,373,Standard,Medium,Partner API,Individual,Bronze
2024-10-27,10773,45945,9467894.16,17348,3633,14632,386.42,8.51,21.65,3.14,512546,2.24,379897,15.62,212453,9.79,72590,2.52,99650,4.57,27710,201920,257561,61064,399372,4,19,16.7,89.86,108.68,7.67,0,0,2,0,Central,B2B,1342,18.17,0,1078,Social,1552,857,0.552,78298.13,3.2294999893356326,91.36,On-Time,39.5,36.5,,Partner_A,Competitor_X,10.28,96.64,0.008,4.38,20793,Delay,23.6,4.74,Social Media,237,0.39,0.173,30011,Compliance,8.4,45,Same-day,Heavy,Call Center,Corporate,Gold
2024-11-03,9570,21986,8616873.8,15330,4152,16288,313.03,23.29,40.31,3.87,779599,8.42,1283495,19.87,242973,2.0,4797,2.8,63350,8.78,40781,306121,114387,126848,123386,1,17,6.48,86.21,114.2,16.61,0,0,2,0,West,B2B,1435,8.06,0,1092,Affiliate,1420,1295,0.912,19521.69,19.765305155445045,15.07,Delayed,68.7,68.60000000000001,Weather,Partner_B,Competitor_Y,42.78,108.81,0.019,3.78,20896,Damaged Goods,22.6,1.94,Social Media,307,-0.86,0.032,30092,Other,19.5,458,Express,Heavy,Website,Government,Silver
2024-11-10,13056,28338,9599779.3,13334,2510,13596,339.33,13.38,36.44,7.71,835105,8.07,824921,5.59,31732,4.8,24978,3.32,118833,7.83,62123,276872,169463,87548,277826,3,5,6.13,84.52,115.26,6.11,0,0,0,0,Central,B2C,1176,17.4,0,1071,Affiliate,2937,1187,0.404,55552.59,6.250511812320542,46.8,On-Time,52.4,55.1,,Partner_B,Competitor_Z,24.39,116.73,0.039,3.83,20771,Delay,18.0,1.34,Forums,736,-0.62,0.159,30043,Compliance,7.7,13,Express,Heavy,Partner API,Government,Gold
2024-11-17,14756,31411,8049710.29,16924,2384,21475,384.5,12.66,23.25,8.76,1135897,7.47,1723498,10.42,125856,1.38,3936,4.67,120510,2.76,24066,281132,233663,86945,390446,1,12,10.42,67.03,104.48,49.93,0,0,2,0,North,B2B,1138,13.37,0,1036,Print,1131,1041,0.92,83316.26,3.804158275947576,80.03,On-Time,15.9,12.4,,Partner_B,Competitor_Y,31.63,96.32,0.048,3.94,20038,Damaged Goods,28.6,2.04,Blogs,845,0.54,0.138,30014,Regulatory,3.9,84,Same-day,Oversized,Website,SME,Silver
2024-11-24,13581,22911,10110275.22,12330,2404,16168,341.45,15.38,28.23,10.2,3032725,4.32,675921,16.8,175314,7.66,15858,0.59,22731,5.43,37059,202093,279588,97937,422959,1,14,6.38,90.25,113.32,10.63,0,0,1,0,North,B2B,1193,5.82,0,1048,Print,1181,645,0.546,94254.67,1.3365977516021224,146.13,Delayed,39.9,37.6,Other,Partner_A,Competitor_Z,37.09,87.65,0.035,3.74,20565,Damaged Goods,30.3,1.08,Forums,672,0.68,0.032,30092,Compliance,10.5,318,Pickup,Heavy,Partner API,SME,Platinum
2024-12-01,10690,21734,5334012.89,16010,6613,19795,230.51,5.94,13.69,6.5,1904654,5.91,668337,7.26,42233,9.26,41968,2.65,47616,2.23,21785,212905,191683,56476,352156,2,12,13.78,52.62,110.19,11.41,0,0,1,0,North,B2B,4257,19.58,0,1051,Social,2704,1409,0.521,56216.61,4.777448871427857,39.9,On-Time,26.4,21.599999999999998,,Partner_B,Competitor_X,38.11,100.68,0.032,3.2,20511,Damaged Goods,31.7,1.14,Blogs,406,0.24,0.142,30048,Regulatory,10.9,327,Standard,Oversized,Website,Individual,Silver
2024-12-08,11840,38227,8962260.47,14801,6571,17561,315.26,8.33,19.9,11.34,1145203,7.94,1131601,12.88,123429,3.52,13271,3.59,163734,5.85,19665,321759,162061,101756,425488,3,6,8.39,57.98,111.73,94.1,0,0,1,0,South,B2C,4289,12.69,0,1032,Digital,2882,269,0.093,95525.13,-0.1122237677143177,355.11,On-Time,40.2,43.6,,Partner_C,Competitor_Z,48.24,116.32,0.096,3.62,20473,Delay,4.3,4.66,Social Media,365,0.29,0.094,30020,Regulatory,0.4,2,Same-day,Oversized,Partner API,SME,Gold
2024-12-15,9028,28680,6110525.13,12846,4000,18258,321.34,19.76,46.83,13.32,3867626,6.97,1048302,15.73,154892,8.73,42916,3.75,80611,7.3,47695,355423,297808,140101,473747,4,15,18.44,66.78,104.78,87.27,0,0,1,0,South,B2B,4235,9.36,1,1021,Referral,2807,349,0.124,58212.01,0.9265381834435881,166.8,On-Time,39.3,42.0,,Partner_C,Competitor_Z,31.25,112.17,0.064,4.33,20160,Delay,30.7,2.41,Forums,745,-0.94,0.19,30014,Connectivity,2.8,27,Same-day,Heavy,Call Center,Government,Gold
2024-12-22,8502,39360,5841152.53,14731,4756,26616,284.83,6.66,10.9,12.36,2815904,11.88,2621695,13.86,92276,3.63,19831,3.62,89455,2.95,23686,230981,181257,52382,423258,1,17,16.75,53.84,109.0,45.21,0,0,1,0,Central,B2C,2184,12.04,0,1004,Print,2629,1469,0.559,45477.14,8.20056252438038,30.96,On-Time,46.9,49.8,,Partner_C,Competitor_X,25.99,82.63,0.002,4.33,20288,Lost Parcel,45.8,2.64,Social Media,417,0.66,0.037,30013,Connectivity,4.4,380,Express,Medium,Call Center,Individual,Bronze
